-- MySQL dump 10.13  Distrib 8.0.32, for Win64 (x86_64)
--
-- Host: j8a403.p.ssafy.io    Database: mmixx
-- ------------------------------------------------------
-- Server version	8.0.32-0ubuntu0.20.04.2

/*!40101 SET @OLD_CHARACTER_SET_CLIENT=@@CHARACTER_SET_CLIENT */;
/*!40101 SET @OLD_CHARACTER_SET_RESULTS=@@CHARACTER_SET_RESULTS */;
/*!40101 SET @OLD_COLLATION_CONNECTION=@@COLLATION_CONNECTION */;
/*!50503 SET NAMES utf8 */;
/*!40103 SET @OLD_TIME_ZONE=@@TIME_ZONE */;
/*!40103 SET TIME_ZONE='+00:00' */;
/*!40014 SET @OLD_UNIQUE_CHECKS=@@UNIQUE_CHECKS, UNIQUE_CHECKS=0 */;
/*!40014 SET @OLD_FOREIGN_KEY_CHECKS=@@FOREIGN_KEY_CHECKS, FOREIGN_KEY_CHECKS=0 */;
/*!40101 SET @OLD_SQL_MODE=@@SQL_MODE, SQL_MODE='NO_AUTO_VALUE_ON_ZERO' */;
/*!40111 SET @OLD_SQL_NOTES=@@SQL_NOTES, SQL_NOTES=0 */;

--
-- Table structure for table `favorite`
--

DROP TABLE IF EXISTS `favorite`;
/*!40101 SET @saved_cs_client     = @@character_set_client */;
/*!50503 SET character_set_client = utf8mb4 */;
CREATE TABLE `favorite` (
  `favorite_seq` int NOT NULL AUTO_INCREMENT,
  `playlist_seq` int NOT NULL,
  `user_seq` int NOT NULL,
  PRIMARY KEY (`favorite_seq`),
  KEY `FK_User_TO_Favorite_1` (`user_seq`),
  KEY `FK_Playlist_TO_Favorite_1` (`playlist_seq`),
  CONSTRAINT `FK_Playlist_TO_Favorite_1` FOREIGN KEY (`playlist_seq`) REFERENCES `playlist` (`playlist_seq`) ON DELETE CASCADE,
  CONSTRAINT `FK_User_TO_Favorite_1` FOREIGN KEY (`user_seq`) REFERENCES `user` (`user_seq`)
) ENGINE=InnoDB AUTO_INCREMENT=103 DEFAULT CHARSET=utf8mb4 COLLATE=utf8mb4_0900_ai_ci;
/*!40101 SET character_set_client = @saved_cs_client */;

--
-- Dumping data for table `favorite`
--

LOCK TABLES `favorite` WRITE;
/*!40000 ALTER TABLE `favorite` DISABLE KEYS */;
INSERT INTO `favorite` VALUES (30,83,10),
                              (32,60,10),
                              (33,73,10),
                              (35,83,11),
                              (62,73,9),
                              (63,95,10),
                              (64,89,11),
                              (65,60,16),
                              (66,73,16),
                              (67,83,16),
                              (69,88,16),
                              (86,110,16),
                              (89,60,21),
                              (95,83,6),
                              (96,88,6),
                              (98,89,19),
                              (99,73,19),
                              (100,85,19),
                              (101,88,19),
                              (102,92,19);
/*!40000 ALTER TABLE `favorite` ENABLE KEYS */;
UNLOCK TABLES;

--
-- Table structure for table `hibernate_sequence`
--

DROP TABLE IF EXISTS `hibernate_sequence`;
/*!40101 SET @saved_cs_client     = @@character_set_client */;
/*!50503 SET character_set_client = utf8mb4 */;
CREATE TABLE `hibernate_sequence` (
  `next_val` bigint DEFAULT NULL
) ENGINE=InnoDB DEFAULT CHARSET=utf8mb4 COLLATE=utf8mb4_0900_ai_ci;
/*!40101 SET character_set_client = @saved_cs_client */;

--
-- Dumping data for table `hibernate_sequence`
--

LOCK TABLES `hibernate_sequence` WRITE;
/*!40000 ALTER TABLE `hibernate_sequence` DISABLE KEYS */;
INSERT INTO `hibernate_sequence` VALUES (1);
/*!40000 ALTER TABLE `hibernate_sequence` ENABLE KEYS */;
UNLOCK TABLES;

--
-- Table structure for table `music`
--

DROP TABLE IF EXISTS `music`;
/*!40101 SET @saved_cs_client     = @@character_set_client */;
/*!50503 SET character_set_client = utf8mb4 */;
CREATE TABLE `music` (
  `music_seq` int NOT NULL AUTO_INCREMENT,
  `user_seq` int NOT NULL,
  `music_name` varchar(100) CHARACTER SET utf8mb4 COLLATE utf8mb4_0900_ai_ci NOT NULL,
  `musician_name` varchar(100) CHARACTER SET utf8mb4 COLLATE utf8mb4_0900_ai_ci DEFAULT NULL,
  `album_name` varchar(100) DEFAULT NULL,
  `genre` varchar(100) CHARACTER SET utf8mb4 COLLATE utf8mb4_0900_ai_ci DEFAULT NULL,
  `music_length` int NOT NULL,
  `music_url` varchar(500) CHARACTER SET utf8mb4 COLLATE utf8mb4_0900_ai_ci NOT NULL,
  `cover_image` varchar(500) DEFAULT NULL,
  `inst` int DEFAULT NULL,
  `mixed` int DEFAULT NULL,
  `preset_seq` int DEFAULT NULL,
  PRIMARY KEY (`music_seq`),
  KEY `FK_Preset_TO_Music_1` (`preset_seq`),
  KEY `FK_User_TO_Music_1` (`user_seq`),
  KEY `FK_Music_TO_Music_1` (`mixed`),
  KEY `FK_Music_TO_Music_2` (`inst`),
  CONSTRAINT `FK_Music_TO_Music_1` FOREIGN KEY (`mixed`) REFERENCES `music` (`music_seq`),
  CONSTRAINT `FK_Music_TO_Music_2` FOREIGN KEY (`inst`) REFERENCES `music` (`music_seq`),
  CONSTRAINT `FK_Preset_TO_Music_1` FOREIGN KEY (`preset_seq`) REFERENCES `preset` (`preset_seq`),
  CONSTRAINT `FK_User_TO_Music_1` FOREIGN KEY (`user_seq`) REFERENCES `user` (`user_seq`)
) ENGINE=InnoDB AUTO_INCREMENT=545 DEFAULT CHARSET=utf8mb4 COLLATE=utf8mb4_0900_ai_ci;
/*!40101 SET character_set_client = @saved_cs_client */;

--
-- Dumping data for table `music`
--

LOCK TABLES `music` WRITE;
/*!40000 ALTER TABLE `music` DISABLE KEYS */;
INSERT INTO `music` VALUES (3,5,'typical-trap-loop-140bpm-129880.mp3','test-Artist-Name','test-Album-Name',NULL,6897,'https://s3.ap-northeast-2.amazonaws.com/bucket-mp3-file-for-mmixx/music/bd736098-4b14-4d7a-95eb-d5a6864ab7fa.mp3','https://s3.ap-northeast-2.amazonaws.com/bucket-mp3-file-for-mmixx/images/f4a140f4-411d-4899-bbaa-d7ad9ef8b814.jpg',NULL,NULL,NULL),(4,5,'typical-trap-loop-2b-130751.mp3','Test-Artist-Name2','Test-Album-Name2',NULL,6897,'https://s3.ap-northeast-2.amazonaws.com/bucket-mp3-file-for-mmixx/music/616f8645-4e1d-41c0-b3ce-5b629de9990b.mp3','https://s3.ap-northeast-2.amazonaws.com/bucket-mp3-file-for-mmixx/images/ef2e8993-adba-49b4-a0cd-b3315ad986ec.jpg',NULL,NULL,NULL),(5,6,'horror-hit-logo-142395.mp3','커버없음아티스트','커버없음앨범',NULL,9640,'https://s3.ap-northeast-2.amazonaws.com/bucket-mp3-file-for-mmixx/music/46362cd3-7e54-454e-93c9-80e8af07363c.mp3','https://s3.ap-northeast-2.amazonaws.com/bucket-mp3-file-for-mmixx/images/050f8d32-2707-4a58-822b-fe8a731745f9.jpg',NULL,NULL,NULL),(6,9,'X','f(x)','4 Walls - The 4th Album',NULL,203428,'https://s3.ap-northeast-2.amazonaws.com/bucket-mp3-file-for-mmixx/music/fa033d2c-b9a5-48dc-93b6-9f96178f30b1.mp3','https://s3.ap-northeast-2.amazonaws.com/bucket-mp3-file-for-mmixx/images/94a57355-f339-4c8d-ac7f-854c77aeebb7.jpg',NULL,NULL,NULL),(7,9,'4 Walls','f(x)','4 Walls - The 4th Album',NULL,207530,'https://s3.ap-northeast-2.amazonaws.com/bucket-mp3-file-for-mmixx/music/519154be-ee30-48e2-9fc0-b660dc055fcb.mp3','https://s3.ap-northeast-2.amazonaws.com/bucket-mp3-file-for-mmixx/images/9b26107b-acce-4f92-8a4c-3bacae207669.jpg',NULL,NULL,NULL),(8,9,'All Mine','f(x)','All Mine',NULL,203898,'https://s3.ap-northeast-2.amazonaws.com/bucket-mp3-file-for-mmixx/music/3c19c773-13e9-4739-9845-cbb5eb7f06a9.mp3','https://s3.ap-northeast-2.amazonaws.com/bucket-mp3-file-for-mmixx/images/c2137e05-cd5a-4c03-a727-84f5507874f0.jpg',NULL,NULL,NULL),(35,5,'typical-trap-loop-140bpm-129880_mix.wav','test-Artist-Name','test-Album-Name',NULL,6897,'https://s3.ap-northeast-2.amazonaws.com/bucket-mp3-file-for-mmixx/music/bd736098-4b14-4d7a-95eb-d5a6864ab7fa_mix.wav','https://s3.ap-northeast-2.amazonaws.com/bucket-mp3-file-for-mmixx/images/f4a140f4-411d-4899-bbaa-d7ad9ef8b814.jpg',NULL,3,NULL),(36,5,'typical-trap-loop-2b-130751_mix.wav','Test-Artist-Name2','Test-Album-Name2',NULL,6897,'https://s3.ap-northeast-2.amazonaws.com/bucket-mp3-file-for-mmixx/music/616f8645-4e1d-41c0-b3ce-5b629de9990b_mix.wav','https://s3.ap-northeast-2.amazonaws.com/bucket-mp3-file-for-mmixx/images/ef2e8993-adba-49b4-a0cd-b3315ad986ec.jpg',NULL,4,NULL),(47,11,'[M_V] 10CM - 서랍 __ 그 해 우리는(Our Beloved Summer) OST Part.1.mp3',NULL,NULL,NULL,237338,'https://s3.ap-northeast-2.amazonaws.com/bucket-mp3-file-for-mmixx/music/c0c04ffb-5ce4-4d26-9720-b017b996fb02.mp3','https://s3.ap-northeast-2.amazonaws.com/bucket-mp3-file-for-mmixx/images/47a4b576-b3c7-489b-a88c-936d6b798b5e.jpg',NULL,NULL,NULL),(48,11,'NAYEON “POP!” Performance Video.mp3',NULL,NULL,NULL,171601,'https://s3.ap-northeast-2.amazonaws.com/bucket-mp3-file-for-mmixx/music/48308be9-9e22-4cc4-9faa-c7b6de86fdea.mp3','https://s3.ap-northeast-2.amazonaws.com/bucket-mp3-file-for-mmixx/images/84dd79eb-9a65-4273-ae5e-de03461fbdf6.jpg',NULL,NULL,NULL),(49,11,'dark-mystery-trailer-taking-our-time-131566.mp3',NULL,NULL,NULL,48039,'https://s3.ap-northeast-2.amazonaws.com/bucket-mp3-file-for-mmixx/music/3b976ba2-3f65-434a-b519-de5b59331c20.mp3','https://s3.ap-northeast-2.amazonaws.com/bucket-mp3-file-for-mmixx/images/f3150c73-9dca-4352-afd4-4cafae0aaaa4.jpg',NULL,NULL,NULL),(50,11,'smoke-143172.mp3',NULL,NULL,NULL,118888,'https://s3.ap-northeast-2.amazonaws.com/bucket-mp3-file-for-mmixx/music/1eecbb9c-5db1-4c81-8258-f14008c54756.mp3','https://s3.ap-northeast-2.amazonaws.com/bucket-mp3-file-for-mmixx/images/f29de91c-2e6e-44e1-94b1-2f9ff6d6167a.jpg',NULL,NULL,NULL),(57,11,'download-file.mp3',NULL,NULL,NULL,237338,'https://s3.ap-northeast-2.amazonaws.com/bucket-mp3-file-for-mmixx/music/8e6e8922-d04b-4df6-9d36-09e70ec8fccb.mp3','https://s3.ap-northeast-2.amazonaws.com/bucket-mp3-file-for-mmixx/images/85eebcd3-6c23-40d0-87f9-cac9b57decd1.jpg',NULL,NULL,NULL),(62,10,'typical-trap-loop-140bpm-129880.mp3','test-Artist-Name','test-Album-Name',NULL,6897,'https://s3.ap-northeast-2.amazonaws.com/bucket-mp3-file-for-mmixx/music/32edd570-e5b5-493e-9846-61682d77f813.mp3','https://s3.ap-northeast-2.amazonaws.com/bucket-mp3-file-for-mmixx/images/da0a80f1-7056-4fc5-a711-7ac84bc56dd6.jpg',NULL,NULL,NULL),(63,10,'cartoon-intro-13087.mp3','???????','?????',NULL,10345,'https://s3.ap-northeast-2.amazonaws.com/bucket-mp3-file-for-mmixx/music/7470fa8d-d4ed-4483-8b5f-5b4d04d085b4.mp3','https://s3.ap-northeast-2.amazonaws.com/bucket-mp3-file-for-mmixx/images/8087b0b4-bd41-4fc8-8e00-55bc3b701705.jpg',NULL,NULL,NULL),(64,10,'cartoon-intro-13087.mp3','???????','?????',NULL,10345,'https://s3.ap-northeast-2.amazonaws.com/bucket-mp3-file-for-mmixx/music/0f098526-7794-4768-bb52-e9524ff84bd4.mp3','https://s3.ap-northeast-2.amazonaws.com/bucket-mp3-file-for-mmixx/images/ec5fab55-2c0a-49fc-ba03-379b62d7eb54.jpg',NULL,NULL,NULL),(65,10,'angelical-pad-143276.mp3','??? ??????','??? ????',NULL,24033,'https://s3.ap-northeast-2.amazonaws.com/bucket-mp3-file-for-mmixx/music/fe2716ae-bed3-4096-9ab4-eff03e8408ef.mp3','https://s3.ap-northeast-2.amazonaws.com/bucket-mp3-file-for-mmixx/images/2e632355-dbad-4b39-8ce3-48765aebca2b.jpg',NULL,NULL,NULL),(66,11,'cartoon-intro-13087.mp3','???????','?????',NULL,10345,'https://s3.ap-northeast-2.amazonaws.com/bucket-mp3-file-for-mmixx/music/e226b754-e929-4e43-941c-503bc9669858.mp3','https://s3.ap-northeast-2.amazonaws.com/bucket-mp3-file-for-mmixx/images/69ba40ed-8989-42ef-b553-2d45ecc0c9b4.jpg',NULL,NULL,NULL),(67,11,'angelical-pad-143276.mp3','??? ??????','??? ????',NULL,24033,'https://s3.ap-northeast-2.amazonaws.com/bucket-mp3-file-for-mmixx/music/cc8b88e1-a08e-4d54-9b90-86e8e16c96bf.mp3','https://s3.ap-northeast-2.amazonaws.com/bucket-mp3-file-for-mmixx/images/c1256c85-ba16-41c7-afc0-49434096c8e0.jpg',NULL,NULL,NULL),(68,11,'angelical-pad-143276.mp3','??? ??????','??? ????',NULL,24033,'https://s3.ap-northeast-2.amazonaws.com/bucket-mp3-file-for-mmixx/music/33f4793a-bc71-4ef4-b7f5-52e49716cfe3.mp3','https://s3.ap-northeast-2.amazonaws.com/bucket-mp3-file-for-mmixx/images/0aff42da-978a-409f-873a-97dba2dc0bdd.jpg',NULL,NULL,NULL),(76,11,'angelical-pad-143276.mp3','??? ??????','??? ????',NULL,24033,'https://s3.ap-northeast-2.amazonaws.com/bucket-mp3-file-for-mmixx/music/c92ed0c8-e3ca-4309-800e-12f9110a94d8.mp3','https://s3.ap-northeast-2.amazonaws.com/bucket-mp3-file-for-mmixx/images/f1fef95d-36f3-4c5f-a5aa-1df6091265c4.jpg',NULL,NULL,NULL),(77,11,'[B@2fa48694','Unknown','Unknown',NULL,118888,'https://s3.ap-northeast-2.amazonaws.com/bucket-mp3-file-for-mmixx/music/d89955e2-b755-4758-9391-1f03dbe56870.mp3','https://s3.ap-northeast-2.amazonaws.com/bucket-mp3-file-for-mmixx/images/2d41c6ce-88a0-4962-a3f5-6932c818783d.jpg',NULL,NULL,NULL),(78,11,'smoke-143172.mp3','Unknown','Unknown',NULL,118888,'https://s3.ap-northeast-2.amazonaws.com/bucket-mp3-file-for-mmixx/music/895d3316-ae0c-4130-b7b0-6e9d71faf3db.mp3','https://s3.ap-northeast-2.amazonaws.com/bucket-mp3-file-for-mmixx/images/21a96c43-7cc2-4f49-9a76-6b6148dc61b7.jpg',NULL,NULL,NULL),(79,11,'angelical-pad-143276.mp3','??? ??????','??? ????',NULL,24033,'https://s3.ap-northeast-2.amazonaws.com/bucket-mp3-file-for-mmixx/music/e38280c8-a460-4166-852c-8aec50848566.mp3','https://s3.ap-northeast-2.amazonaws.com/bucket-mp3-file-for-mmixx/images/fc168857-922e-403e-b351-d0704b5c9c2e.jpg',NULL,NULL,NULL),(80,11,'smoke-143172.mp3','Unknown','Unknown',NULL,118888,'https://s3.ap-northeast-2.amazonaws.com/bucket-mp3-file-for-mmixx/music/9f07e831-65c2-4fe4-a90e-99c79556d6a9.mp3','https://s3.ap-northeast-2.amazonaws.com/bucket-mp3-file-for-mmixx/images/8f8af5be-b473-4dd9-b503-48ec37393ec8.jpg',NULL,NULL,NULL),(81,11,'angelical-pad-143276.mp3','??? ??????','??? ????',NULL,24033,'https://s3.ap-northeast-2.amazonaws.com/bucket-mp3-file-for-mmixx/music/d6fae164-fac4-4078-b230-cb1af06d93fe.mp3','https://s3.ap-northeast-2.amazonaws.com/bucket-mp3-file-for-mmixx/images/6e1c3c2c-8565-41dd-ba11-b1333ff132d6.jpg',NULL,NULL,NULL),(87,11,'smoke-143172.mp3','Unknown','Unknown',NULL,118888,'https://s3.ap-northeast-2.amazonaws.com/bucket-mp3-file-for-mmixx/music/912aa0f1-39a1-49ee-83be-add7abdb2188.mp3','https://s3.ap-northeast-2.amazonaws.com/bucket-mp3-file-for-mmixx/images/8a3dfe3c-40b9-4704-858a-a44d5e10351d.jpg',NULL,NULL,NULL),(88,11,'angelical-pad-143276.mp3','??? ??????','??? ????',NULL,24033,'https://s3.ap-northeast-2.amazonaws.com/bucket-mp3-file-for-mmixx/music/a3b68b0e-d4e9-4dfa-95bd-e04c9473e8e0.mp3','https://s3.ap-northeast-2.amazonaws.com/bucket-mp3-file-for-mmixx/images/78e9e5c0-84ef-444a-9b3a-ad1688436ba5.jpg',NULL,NULL,NULL),(96,9,'Next Level','aespa','Next Level',NULL,221663,'https://s3.ap-northeast-2.amazonaws.com/bucket-mp3-file-for-mmixx/music/c723a85b-43cf-4865-a18f-ea58e5935847.mp3','https://s3.ap-northeast-2.amazonaws.com/bucket-mp3-file-for-mmixx/images/0a534e18-4703-4363-ba72-ed9ffcc6f6fc.jpg',NULL,NULL,NULL),(105,10,'JISOO - 꽃(FLOWER) MV.mp3','Unknown','Unknown',NULL,184896,'https://s3.ap-northeast-2.amazonaws.com/bucket-mp3-file-for-mmixx/music/30f597f1-1be2-460b-88c1-bddec22fe791.mp3','https://s3.ap-northeast-2.amazonaws.com/bucket-mp3-file-for-mmixx/images/290f4f53-02c4-46d4-95b3-819b6994392c.jpg',NULL,NULL,NULL),(106,11,'[M_V] 10CM - 서랍 __ 그 해 우리는(Our Beloved Summer) OST Part.1_inst.mp3',NULL,NULL,NULL,237338,'https://s3.ap-northeast-2.amazonaws.com/bucket-mp3-file-for-mmixx/music/c0c04ffb-5ce4-4d26-9720-b017b996fb02_inst.wav','https://s3.ap-northeast-2.amazonaws.com/bucket-mp3-file-for-mmixx/images/47a4b576-b3c7-489b-a88c-936d6b798b5e.jpg',47,NULL,NULL),(107,10,'y2mate.com - Jeremy Zucker  supercuts Lyric Video.mp3','Unknown','Unknown',NULL,213774,'https://s3.ap-northeast-2.amazonaws.com/bucket-mp3-file-for-mmixx/music/08999726-3c57-453a-9e4b-c95cee4ac52d.mp3','https://s3.ap-northeast-2.amazonaws.com/bucket-mp3-file-for-mmixx/images/81d08df6-ef8b-4a20-ba95-c6295cde6a68.jpg',NULL,NULL,NULL),(108,11,'angelical-pad-143276_inst.mp3','??? ??????','??? ????',NULL,24033,'https://s3.ap-northeast-2.amazonaws.com/bucket-mp3-file-for-mmixx/music/a3b68b0e-d4e9-4dfa-95bd-e04c9473e8e0_inst.wav','https://s3.ap-northeast-2.amazonaws.com/bucket-mp3-file-for-mmixx/images/78e9e5c0-84ef-444a-9b3a-ad1688436ba5.jpg',88,NULL,NULL),(109,10,'?','?? (JISOO)','ME',NULL,173201,'https://s3.ap-northeast-2.amazonaws.com/bucket-mp3-file-for-mmixx/music/ed104a90-e0fb-430b-beea-0a83775a1be4.mp3','https://s3.ap-northeast-2.amazonaws.com/bucket-mp3-file-for-mmixx/images/64111721-a6cc-4f7f-b9cb-1ce0f08cfaac.jpg',NULL,NULL,NULL),(110,10,'Zero','NewJeans','Zero',NULL,154261,'https://s3.ap-northeast-2.amazonaws.com/bucket-mp3-file-for-mmixx/music/c21b74a7-d1b4-4001-b125-a6af467e0432.mp3','https://s3.ap-northeast-2.amazonaws.com/bucket-mp3-file-for-mmixx/images/af95c013-3960-422b-94ed-b53aa8853519.jpg',NULL,NULL,NULL),(114,10,'Hype boy','NewJeans','NewJeans 1st EP \'New Jeans\'',NULL,176676,'https://s3.ap-northeast-2.amazonaws.com/bucket-mp3-file-for-mmixx/music/3ab0c2b5-71bb-4691-b757-6c1eb2f29285.mp3','https://s3.ap-northeast-2.amazonaws.com/bucket-mp3-file-for-mmixx/images/baca3a62-3179-4c3b-ae02-cbf10e531951.jpg',NULL,NULL,NULL),(115,10,'Beatbox','NCT DREAM','Beatbox - The 2nd Album Repackage',NULL,205205,'https://s3.ap-northeast-2.amazonaws.com/bucket-mp3-file-for-mmixx/music/2f856935-aed1-4e25-9f3a-5b5152a02f3d.mp3','https://s3.ap-northeast-2.amazonaws.com/bucket-mp3-file-for-mmixx/images/8da338bf-1fa7-40dc-9e04-1d8fae6c01bb.jpg',NULL,NULL,NULL),(120,9,'푸르던','아이유','CHAT-SHIRE',NULL,247161,'https://s3.ap-northeast-2.amazonaws.com/bucket-mp3-file-for-mmixx/music/7aeb122c-2e54-4efb-9b66-0f86311b4ce6.mp3','https://s3.ap-northeast-2.amazonaws.com/bucket-mp3-file-for-mmixx/images/1f2dbbf3-1563-4563-b8b7-83967519b9f0.jpg',NULL,NULL,NULL),(124,9,'낙하 (with 아이유)','AKMU (악뮤)','NEXT EPISODE',NULL,212885,'https://s3.ap-northeast-2.amazonaws.com/bucket-mp3-file-for-mmixx/music/ce86c54f-2f50-4f9d-acae-7afc21c22f9b.mp3','https://s3.ap-northeast-2.amazonaws.com/bucket-mp3-file-for-mmixx/images/c932988a-c020-41ef-a973-ccbb1b64e8c5.jpg',NULL,NULL,NULL),(127,9,'휘파람','BLACKPINK','SQUARE ONE',NULL,211684,'https://s3.ap-northeast-2.amazonaws.com/bucket-mp3-file-for-mmixx/music/b333e340-4bad-43bf-b979-d49391e55a0e.mp3','https://s3.ap-northeast-2.amazonaws.com/bucket-mp3-file-for-mmixx/images/1963ec31-8994-4049-a346-ecf372ee7bf0.jpg',NULL,NULL,NULL),(129,9,'My Universe','Coldplay, 방탄소년단','My Universe',NULL,227672,'https://s3.ap-northeast-2.amazonaws.com/bucket-mp3-file-for-mmixx/music/0591f277-8095-4be0-8a54-8f3970370bfb.mp3','https://s3.ap-northeast-2.amazonaws.com/bucket-mp3-file-for-mmixx/images/5cd32dfe-a13c-4433-aaa6-0b1a88d7cd39.jpg',NULL,NULL,NULL),(131,9,'Iron Man 3','Brian Tyler','아이언맨 3 OST',NULL,143550,'https://s3.ap-northeast-2.amazonaws.com/bucket-mp3-file-for-mmixx/music/d948559d-84f3-453f-895e-5fa8e9590d0f.mp3','https://s3.ap-northeast-2.amazonaws.com/bucket-mp3-file-for-mmixx/images/0f2f9570-600b-445d-abf3-f6f362a20bab.jpg',NULL,NULL,NULL),(140,11,'smoke-143172.mp3','Unknown','Unknown',NULL,118888,'https://s3.ap-northeast-2.amazonaws.com/bucket-mp3-file-for-mmixx/music/1dff2466-bd90-410b-bc26-adf9bd6b5a0d.mp3','https://s3.ap-northeast-2.amazonaws.com/bucket-mp3-file-for-mmixx/images/37a30b34-366d-4326-b624-cad3da460671.jpg',NULL,NULL,NULL),(141,11,'angelical-pad-143276.mp3','이거는 아티스트이름','이거는 앨범이름',NULL,24033,'https://s3.ap-northeast-2.amazonaws.com/bucket-mp3-file-for-mmixx/music/6b497f59-1abc-4a54-afeb-46930c830509.mp3','https://s3.ap-northeast-2.amazonaws.com/bucket-mp3-file-for-mmixx/images/1369fa62-32b5-417b-9c95-0e4abb655515.jpg',NULL,NULL,NULL),(147,11,'smoke-143172.mp3','Unknown','Unknown',NULL,118888,'https://s3.ap-northeast-2.amazonaws.com/bucket-mp3-file-for-mmixx/music/1905ae4f-b0a8-4b37-a22d-133ceba5931d.mp3','https://s3.ap-northeast-2.amazonaws.com/bucket-mp3-file-for-mmixx/images/ee6ef5d6-fba9-48d3-8060-24458b794797.jpg',NULL,NULL,NULL),(148,11,'angelical-pad-143276.mp3','이거는 아티스트이름','이거는 앨범이름',NULL,24033,'https://s3.ap-northeast-2.amazonaws.com/bucket-mp3-file-for-mmixx/music/a185247a-e72b-4250-923c-cba07398df12.mp3','https://s3.ap-northeast-2.amazonaws.com/bucket-mp3-file-for-mmixx/images/1d8f3876-f5ca-4254-b6a9-de0bfaf62a0a.jpg',NULL,NULL,NULL),(150,11,'[M_V] 10CM - 서랍 __ 그 해 우리는(Our Beloved Summer) OST Part.1_inst.mp3',NULL,NULL,NULL,237338,'https://s3.ap-northeast-2.amazonaws.com/bucket-mp3-file-for-mmixx/music/c0c04ffb-5ce4-4d26-9720-b017b996fb02_inst.wav','https://s3.ap-northeast-2.amazonaws.com/bucket-mp3-file-for-mmixx/images/47a4b576-b3c7-489b-a88c-936d6b798b5e.jpg',47,NULL,NULL),(151,11,'cartoon-intro-13087_inst.mp3','???????','?????',NULL,10345,'https://s3.ap-northeast-2.amazonaws.com/bucket-mp3-file-for-mmixx/music/e226b754-e929-4e43-941c-503bc9669858_inst.wav','https://s3.ap-northeast-2.amazonaws.com/bucket-mp3-file-for-mmixx/images/69ba40ed-8989-42ef-b553-2d45ecc0c9b4.jpg',66,NULL,NULL),(153,11,'[M_V] 10CM - 서랍 __ 그 해 우리는(Our Beloved Summer) OST Part.1_inst.mp3',NULL,NULL,NULL,237338,'https://s3.ap-northeast-2.amazonaws.com/bucket-mp3-file-for-mmixx/music/c0c04ffb-5ce4-4d26-9720-b017b996fb02_inst.wav','https://s3.ap-northeast-2.amazonaws.com/bucket-mp3-file-for-mmixx/images/47a4b576-b3c7-489b-a88c-936d6b798b5e.jpg',47,NULL,NULL),(154,11,'cartoon-intro-13087_inst.mp3','???????','?????',NULL,10345,'https://s3.ap-northeast-2.amazonaws.com/bucket-mp3-file-for-mmixx/music/e226b754-e929-4e43-941c-503bc9669858_inst.wav','https://s3.ap-northeast-2.amazonaws.com/bucket-mp3-file-for-mmixx/images/69ba40ed-8989-42ef-b553-2d45ecc0c9b4.jpg',66,NULL,NULL),(156,11,'angelical-pad-143276_inst.mp3','??? ??????','??? ????',NULL,24033,'https://s3.ap-northeast-2.amazonaws.com/bucket-mp3-file-for-mmixx/music/d6fae164-fac4-4078-b230-cb1af06d93fe_inst.wav','https://s3.ap-northeast-2.amazonaws.com/bucket-mp3-file-for-mmixx/images/6e1c3c2c-8565-41dd-ba11-b1333ff132d6.jpg',81,NULL,NULL),(160,11,'[M_V] 10CM - 서랍 __ 그 해 우리는(Our Beloved Summer) OST Part.1 (23).mp3','Unknown','Unknown',NULL,237338,'https://s3.ap-northeast-2.amazonaws.com/bucket-mp3-file-for-mmixx/music/86c4b098-f5bc-4079-b68d-83ee56a83517.mp3','https://s3.ap-northeast-2.amazonaws.com/bucket-mp3-file-for-mmixx/images/5e0546ed-c554-4520-8b2b-24e652013d18.jpg',NULL,NULL,NULL),(161,11,'[M_V] 10CM - 서랍 __ 그 해 우리는(Our Beloved Summer) OST Part.1 (25).mp3','Unknown','Unknown',NULL,237338,'https://s3.ap-northeast-2.amazonaws.com/bucket-mp3-file-for-mmixx/music/1c05c77d-0e1b-4fe5-9cf4-2248ee8986f7.mp3','https://s3.ap-northeast-2.amazonaws.com/bucket-mp3-file-for-mmixx/images/6c2b15b7-0ec0-4663-8d80-8661c67bdfd3.jpg',NULL,NULL,NULL),(162,11,'[M_V] 10CM - 서랍 __ 그 해 우리는(Our Beloved Summer) OST Part.1 (18).mp3','Unknown','Unknown',NULL,237338,'https://s3.ap-northeast-2.amazonaws.com/bucket-mp3-file-for-mmixx/music/7c1ebd17-04ba-4b6e-81be-68c67a280c3f.mp3','https://s3.ap-northeast-2.amazonaws.com/bucket-mp3-file-for-mmixx/images/5cf1023f-f2f2-4160-a9e4-20286a87801b.jpg',NULL,NULL,NULL),(173,9,'뚜두뚜두 (DDU-DU DDU-DU)','BLACKPINK','SQUARE UP',NULL,209411,'https://s3.ap-northeast-2.amazonaws.com/bucket-mp3-file-for-mmixx/music/fb339e58-6b39-47bf-8943-392f56d2883b.mp3','https://s3.ap-northeast-2.amazonaws.com/bucket-mp3-file-for-mmixx/images/097c57dc-caf4-4bfa-b37b-190b42a4a772.jpg',NULL,NULL,NULL),(174,11,'download-file.mp3','Unknown','Unknown',NULL,237338,'https://s3.ap-northeast-2.amazonaws.com/bucket-mp3-file-for-mmixx/music/bb7ac5d0-5f80-4d7a-865d-19f4b432ebcd.mp3','https://s3.ap-northeast-2.amazonaws.com/bucket-mp3-file-for-mmixx/images/0ff93b47-19bc-44db-a613-1bf19d5393d2.jpg',NULL,NULL,NULL),(175,11,'download-file.mp3','Unknown','Unknown',NULL,237338,'https://s3.ap-northeast-2.amazonaws.com/bucket-mp3-file-for-mmixx/music/918295d7-4517-4d2b-9dcf-3ab32fb400e4.mp3','https://s3.ap-northeast-2.amazonaws.com/bucket-mp3-file-for-mmixx/images/cdad1106-ab91-4daf-9f64-eaa827427417.jpg',NULL,NULL,NULL),(176,9,'Fix You','Coldplay','X&Y',NULL,294996,'https://s3.ap-northeast-2.amazonaws.com/bucket-mp3-file-for-mmixx/music/e6fee714-e201-427e-af56-bc85e1d36d01.mp3','https://s3.ap-northeast-2.amazonaws.com/bucket-mp3-file-for-mmixx/images/6f68c849-acad-42c4-b6a2-760c4298e703.jpg',NULL,NULL,NULL),(177,9,'Yellow','Coldplay','Parachutes',NULL,269341,'https://s3.ap-northeast-2.amazonaws.com/bucket-mp3-file-for-mmixx/music/63f71266-993f-488c-bcc4-154ba7d41fa9.mp3','https://s3.ap-northeast-2.amazonaws.com/bucket-mp3-file-for-mmixx/images/3ab6da9b-30a0-4f28-88b2-225af63f0215.jpg',NULL,NULL,NULL),(178,11,'cartoon-intro-13087_inst.mp3','???????','?????',NULL,10345,'https://s3.ap-northeast-2.amazonaws.com/bucket-mp3-file-for-mmixx/music/e226b754-e929-4e43-941c-503bc9669858_inst.wav','https://s3.ap-northeast-2.amazonaws.com/bucket-mp3-file-for-mmixx/images/69ba40ed-8989-42ef-b553-2d45ecc0c9b4.jpg',66,NULL,NULL),(179,11,'download-file.mp3','Unknown','Unknown',NULL,237338,'https://s3.ap-northeast-2.amazonaws.com/bucket-mp3-file-for-mmixx/music/5ab97547-2d7f-452d-a8b3-f5322a61db68.mp3','https://s3.ap-northeast-2.amazonaws.com/bucket-mp3-file-for-mmixx/images/a2360236-1c9e-4dc3-b173-d34df15f0c72.jpg',NULL,NULL,NULL),(180,11,'[M_V] 10CM - 서랍 __ 그 해 우리는(Our Beloved Summer) OST Part.1.mp3','Unknown','Unknown',NULL,237338,'https://s3.ap-northeast-2.amazonaws.com/bucket-mp3-file-for-mmixx/music/7d50d902-7bd1-4bd2-8fa1-80fd12a7f346.mp3','https://s3.ap-northeast-2.amazonaws.com/bucket-mp3-file-for-mmixx/images/79e530eb-559b-4d14-ac40-2c90ecaa0079.jpg',NULL,NULL,NULL),(181,9,'Chandelier','Sia','Chandelier (Single)',NULL,216203,'https://s3.ap-northeast-2.amazonaws.com/bucket-mp3-file-for-mmixx/music/959c0351-e868-4a04-b037-5dec342d135e.mp3','https://s3.ap-northeast-2.amazonaws.com/bucket-mp3-file-for-mmixx/images/d3213538-3f0b-484e-901c-8170fbbf9e59.jpg',NULL,NULL,NULL),(182,9,'Santa`s Coming For Us','Sia','Everyday Is Christmas (Deluxe)',NULL,206589,'https://s3.ap-northeast-2.amazonaws.com/bucket-mp3-file-for-mmixx/music/fd02c033-7061-402f-a2d9-a15a68037bc4.mp3','https://s3.ap-northeast-2.amazonaws.com/bucket-mp3-file-for-mmixx/images/fce02e01-6aea-47ab-9b75-2b1518077fd7.jpg',NULL,NULL,NULL),(183,9,'Snowman','Sia','Everyday Is Christmas',NULL,165965,'https://s3.ap-northeast-2.amazonaws.com/bucket-mp3-file-for-mmixx/music/88054c99-785b-44a6-b189-3a9a35c605be.mp3','https://s3.ap-northeast-2.amazonaws.com/bucket-mp3-file-for-mmixx/images/e5042d9b-1c94-4981-88e7-47598f72eec3.jpg',NULL,NULL,NULL),(184,11,'download-file.mp3','Unknown','Unknown',NULL,237338,'https://s3.ap-northeast-2.amazonaws.com/bucket-mp3-file-for-mmixx/music/9d441784-221d-4268-a0a9-a362108eefd9.mp3','https://s3.ap-northeast-2.amazonaws.com/bucket-mp3-file-for-mmixx/images/333d7b1f-2b2c-4216-a402-c43712f27d06.jpg',NULL,NULL,NULL),(185,11,'[M_V] 10CM - 서랍 __ 그 해 우리는(Our Beloved Summer) OST Part.1.mp3','Unknown','Unknown',NULL,237338,'https://s3.ap-northeast-2.amazonaws.com/bucket-mp3-file-for-mmixx/music/51d06a20-4c3f-4c2f-88e0-ae8f66b065ec.mp3','https://s3.ap-northeast-2.amazonaws.com/bucket-mp3-file-for-mmixx/images/725213f4-ceec-4395-8819-fef6c435c670.jpg',NULL,NULL,NULL),(189,9,'나의 어깨에 기대어요','10cm','호텔 델루나 OST Part.2',NULL,210795,'https://s3.ap-northeast-2.amazonaws.com/bucket-mp3-file-for-mmixx/music/ca5414de-7bc0-4f72-b793-27bc055ebb20.mp3','https://s3.ap-northeast-2.amazonaws.com/bucket-mp3-file-for-mmixx/images/4e8d3c24-0480-403f-92d2-fdf0ae41cfa6.jpg',NULL,NULL,NULL),(190,9,'Blinding Lights','The Weeknd','Blinding Lights',NULL,201599,'https://s3.ap-northeast-2.amazonaws.com/bucket-mp3-file-for-mmixx/music/56ef15d7-09d2-4beb-bddd-0cf5d14ef686.mp3','https://s3.ap-northeast-2.amazonaws.com/bucket-mp3-file-for-mmixx/images/91d3c90c-cbaa-42df-97ad-6cfed1da0e16.jpg',NULL,NULL,NULL),(191,9,'strawberry moon','아이유','strawberry moon',NULL,205414,'https://s3.ap-northeast-2.amazonaws.com/bucket-mp3-file-for-mmixx/music/814a62f3-d5c7-48d4-8d82-3e3a2241123a.mp3','https://s3.ap-northeast-2.amazonaws.com/bucket-mp3-file-for-mmixx/images/e5636121-6a6a-492b-8e54-5a7b9a1f08a9.jpg',NULL,NULL,NULL),(192,9,'나도 모르는 사이에','적재','알고있지만, OST Part.7',NULL,239977,'https://s3.ap-northeast-2.amazonaws.com/bucket-mp3-file-for-mmixx/music/abe5117c-2660-4551-946c-d042ebf851ef.mp3','https://s3.ap-northeast-2.amazonaws.com/bucket-mp3-file-for-mmixx/images/2ef177bb-847c-42f7-a320-26cba362fb8f.jpg',NULL,NULL,NULL),(193,9,'따듯해','적재','따듯해',NULL,211161,'https://s3.ap-northeast-2.amazonaws.com/bucket-mp3-file-for-mmixx/music/e9f025f3-ce9a-4e4b-b150-3d7c9093afcc.mp3','https://s3.ap-northeast-2.amazonaws.com/bucket-mp3-file-for-mmixx/images/4becbc3f-7d1d-40de-a57a-5a4c3adfee34.jpg',NULL,NULL,NULL),(194,9,'Gone','로제 (ROSÉ)','R',NULL,207242,'https://s3.ap-northeast-2.amazonaws.com/bucket-mp3-file-for-mmixx/music/99696cce-0b52-4e43-8c28-f53f7bb2625d.mp3','https://s3.ap-northeast-2.amazonaws.com/bucket-mp3-file-for-mmixx/images/3c6380d7-969f-4e8d-9f2f-608f5616eb6d.jpg',NULL,NULL,NULL),(195,9,'On The Ground','로제 (ROSÉ)','R',NULL,168159,'https://s3.ap-northeast-2.amazonaws.com/bucket-mp3-file-for-mmixx/music/bb760945-6ad4-4eb9-ad3e-9fe3e1d3d155.mp3','https://s3.ap-northeast-2.amazonaws.com/bucket-mp3-file-for-mmixx/images/87830ca2-d51f-49cb-974c-e0d7a8ce4f56.jpg',NULL,NULL,NULL),(196,9,'Celebrity','아이유','IU 5th Album \'LILAC\'',NULL,195617,'https://s3.ap-northeast-2.amazonaws.com/bucket-mp3-file-for-mmixx/music/3a83703c-9214-41ec-9826-b89165a44fec.mp3','https://s3.ap-northeast-2.amazonaws.com/bucket-mp3-file-for-mmixx/images/237b1c77-efc2-423c-a07c-8c744b0127e6.jpg',NULL,NULL,NULL),(197,9,'Bad Boy','청하, Christopher','Bad Boy',NULL,182554,'https://s3.ap-northeast-2.amazonaws.com/bucket-mp3-file-for-mmixx/music/62294a9e-299f-4e78-8434-8f3de76e3605.mp3','https://s3.ap-northeast-2.amazonaws.com/bucket-mp3-file-for-mmixx/images/0d0ea18d-37a0-4479-9559-689c846c5408.jpg',NULL,NULL,NULL),(198,9,'Bad','Christopher','Under the Surface',NULL,191567,'https://s3.ap-northeast-2.amazonaws.com/bucket-mp3-file-for-mmixx/music/65a663b9-93da-4cec-8502-aa9cb70b0682.mp3','https://s3.ap-northeast-2.amazonaws.com/bucket-mp3-file-for-mmixx/images/436da50b-ec9f-40a5-b072-697f8e12ed6d.jpg',NULL,NULL,NULL),(199,9,'My Heart','Christopher','Under the Surface',NULL,196505,'https://s3.ap-northeast-2.amazonaws.com/bucket-mp3-file-for-mmixx/music/7048868a-8955-43a2-adc0-e6acff10fd98.mp3','https://s3.ap-northeast-2.amazonaws.com/bucket-mp3-file-for-mmixx/images/4fd1cd26-d5ab-4bca-b7d3-94983c32c567.jpg',NULL,NULL,NULL),(200,9,'요즘 하루','적재','한마디',NULL,270857,'https://s3.ap-northeast-2.amazonaws.com/bucket-mp3-file-for-mmixx/music/05b472cc-ea25-415f-8b1d-7ea745f086db.mp3','https://s3.ap-northeast-2.amazonaws.com/bucket-mp3-file-for-mmixx/images/974dc333-72f1-4f26-ad57-a7d0bdab6580.jpg',NULL,NULL,NULL),(201,9,'나랑 같이 걸을래 (바른연애 길잡이 X 적재)','적재','나랑 같이 걸을래 (바른연애 길잡이 X 적재)',NULL,226601,'https://s3.ap-northeast-2.amazonaws.com/bucket-mp3-file-for-mmixx/music/3e7e403e-fb4f-4ea2-b7d3-78f1a94e9430.mp3','https://s3.ap-northeast-2.amazonaws.com/bucket-mp3-file-for-mmixx/images/01d0836e-115a-4701-bbd4-7160c84e5b2c.jpg',NULL,NULL,NULL),(202,9,'별 보러 가자','적재','FINE',NULL,317594,'https://s3.ap-northeast-2.amazonaws.com/bucket-mp3-file-for-mmixx/music/bf7ce98c-db47-42fd-a792-210e3c5461a5.mp3','https://s3.ap-northeast-2.amazonaws.com/bucket-mp3-file-for-mmixx/images/271ba44b-e1f3-45f9-a7fb-0ddcc1aa2b4b.jpg',NULL,NULL,NULL),(203,9,'마음을 드려요','아이유','사랑의 불시착 OST Part 11',NULL,280366,'https://s3.ap-northeast-2.amazonaws.com/bucket-mp3-file-for-mmixx/music/99fbbb71-b539-48d3-8e6b-6e131363d8cd.mp3','https://s3.ap-northeast-2.amazonaws.com/bucket-mp3-file-for-mmixx/images/66be2b42-54aa-4af8-a5d0-b091014a806e.jpg',NULL,NULL,NULL),(204,9,'잘 지내','적재','하루',NULL,211631,'https://s3.ap-northeast-2.amazonaws.com/bucket-mp3-file-for-mmixx/music/ba388384-42ce-47f2-a76b-d352da6782f9.mp3','https://s3.ap-northeast-2.amazonaws.com/bucket-mp3-file-for-mmixx/images/9140b881-e701-412b-acc6-a45e57c18683.jpg',NULL,NULL,NULL),(205,9,'우리가 헤어져야 했던 이유','비비','그 해 우리는 (Original Television Soundtrack), Pt. 2 - Single',NULL,180072,'https://s3.ap-northeast-2.amazonaws.com/bucket-mp3-file-for-mmixx/music/0db06870-7287-4ccf-ae58-b0f880952667.mp3','https://s3.ap-northeast-2.amazonaws.com/bucket-mp3-file-for-mmixx/images/49903475-81c9-4415-87db-71f4609c7780.jpg',NULL,NULL,NULL),(206,9,'Cookie','뉴진스','NewJeans 1st EP \'New Jeans\'',NULL,180072,'https://s3.ap-northeast-2.amazonaws.com/bucket-mp3-file-for-mmixx/music/b680d4a0-69ee-4258-8d1f-4abe0b4fb259.mp3','https://s3.ap-northeast-2.amazonaws.com/bucket-mp3-file-for-mmixx/images/6ff55d35-af9f-411a-b5fe-7cb816a5ef72.jpg',NULL,NULL,NULL),(207,9,'Hype Boy','뉴진스','NewJeans 1st EP \'New Jeans\'',NULL,179158,'https://s3.ap-northeast-2.amazonaws.com/bucket-mp3-file-for-mmixx/music/2e7525a4-04da-4eb4-a229-5913f22ec237.mp3','https://s3.ap-northeast-2.amazonaws.com/bucket-mp3-file-for-mmixx/images/9b098960-d045-4c8a-a3a2-64f8569712e0.jpg',NULL,NULL,NULL),(208,9,'Attention','뉴진스','NewJeans 1st EP \'New Jeans\'',NULL,180255,'https://s3.ap-northeast-2.amazonaws.com/bucket-mp3-file-for-mmixx/music/9c4e42e4-8e33-41ff-9f0a-2d455021118f.mp3','https://s3.ap-northeast-2.amazonaws.com/bucket-mp3-file-for-mmixx/images/bf226731-f55a-4909-9dce-4f13a23b1ed3.jpg',NULL,NULL,NULL),(209,9,'Christmas Tree','뷔','그 해 우리는 (Original Television Soundtrack), Pt. 5 - Single',NULL,180072,'https://s3.ap-northeast-2.amazonaws.com/bucket-mp3-file-for-mmixx/music/b8092097-209d-4039-8506-b2faf810552f.mp3','https://s3.ap-northeast-2.amazonaws.com/bucket-mp3-file-for-mmixx/images/58f96b27-a263-4c38-865a-0026bf0f2644.jpg',NULL,NULL,NULL),(210,9,'그대라는 시','태연 (TAEYEON)','호텔 델루나 OST Part.3',NULL,209515,'https://s3.ap-northeast-2.amazonaws.com/bucket-mp3-file-for-mmixx/music/cc6764a0-9106-4141-9a10-385766df0928.mp3','https://s3.ap-northeast-2.amazonaws.com/bucket-mp3-file-for-mmixx/images/31de3763-0d88-4278-80c3-264ff5470d58.jpg',NULL,NULL,NULL),(211,9,'11:11','태연 (TAEYEON)','11:11',NULL,223518,'https://s3.ap-northeast-2.amazonaws.com/bucket-mp3-file-for-mmixx/music/57ea7f67-3fae-4b1c-9ff2-64b9393d7229.mp3','https://s3.ap-northeast-2.amazonaws.com/bucket-mp3-file-for-mmixx/images/b87a0e94-0f3d-4c4c-9b44-fa0ebbb76377.jpg',NULL,NULL,NULL),(212,9,'시작','가호 (Gaho)','이태원 클라쓰 OST Part.2',NULL,202461,'https://s3.ap-northeast-2.amazonaws.com/bucket-mp3-file-for-mmixx/music/17f51736-e44b-445f-a59a-fcb79bb195ed.mp3','https://s3.ap-northeast-2.amazonaws.com/bucket-mp3-file-for-mmixx/images/1f09d595-e495-4ede-b330-a7035e7d50c0.jpg',NULL,NULL,NULL),(213,9,'Amapola (Orchestra Ver.)','The Soundtrack Kings','뷰티 인사이드 OST',NULL,207164,'https://s3.ap-northeast-2.amazonaws.com/bucket-mp3-file-for-mmixx/music/5b894a46-320e-4462-b63d-36883c42f8e8.mp3','https://s3.ap-northeast-2.amazonaws.com/bucket-mp3-file-for-mmixx/images/df40c041-ccf3-4b43-9a89-77cd41a94139.jpg',NULL,NULL,NULL),(214,9,'거리에서','The Soundtrack Kings','뷰티 인사이드 OST',NULL,41535,'https://s3.ap-northeast-2.amazonaws.com/bucket-mp3-file-for-mmixx/music/dbafbebe-e25f-45cf-8002-16d56db8f706.mp3','https://s3.ap-northeast-2.amazonaws.com/bucket-mp3-file-for-mmixx/images/fe5f3656-1eaf-4999-bcff-f1d0359604f6.jpg',NULL,NULL,NULL),(215,9,'Amapola (Guitar Ver.) (이수의 테마)','The Soundtrack Kings','뷰티 인사이드 OST',NULL,117425,'https://s3.ap-northeast-2.amazonaws.com/bucket-mp3-file-for-mmixx/music/6c2c8822-e31e-41ea-aec0-9157ac9773e2.mp3','https://s3.ap-northeast-2.amazonaws.com/bucket-mp3-file-for-mmixx/images/56af3919-9b9c-498f-9dc2-34485b13a90a.jpg',NULL,NULL,NULL),(216,9,'첫 데이트','The Soundtrack Kings','뷰티 인사이드 OST',NULL,104467,'https://s3.ap-northeast-2.amazonaws.com/bucket-mp3-file-for-mmixx/music/0a858868-d2eb-48d5-85c8-3e339f4807cc.mp3','https://s3.ap-northeast-2.amazonaws.com/bucket-mp3-file-for-mmixx/images/8d025a3b-556c-49f8-b429-427e1d555256.jpg',NULL,NULL,NULL),(217,9,'설레이다','The Soundtrack Kings','뷰티 인사이드 OST',NULL,144281,'https://s3.ap-northeast-2.amazonaws.com/bucket-mp3-file-for-mmixx/music/c10651da-399b-47d6-9fc2-ff1b5422d9f9.mp3','https://s3.ap-northeast-2.amazonaws.com/bucket-mp3-file-for-mmixx/images/bc7bbed9-d657-4dc6-b69c-f46ea13b9916.jpg',NULL,NULL,NULL),(218,9,'베스트 프렌드','The Soundtrack Kings','뷰티 인사이드 OST',NULL,94487,'https://s3.ap-northeast-2.amazonaws.com/bucket-mp3-file-for-mmixx/music/89fc1985-175c-44fb-869d-a4498fc93236.mp3','https://s3.ap-northeast-2.amazonaws.com/bucket-mp3-file-for-mmixx/images/0d4ae566-0a14-42e6-b0df-a4f8392eb9cc.jpg',NULL,NULL,NULL),(219,9,'뷰티 인사이드','The Soundtrack Kings','뷰티 인사이드 OST',NULL,217118,'https://s3.ap-northeast-2.amazonaws.com/bucket-mp3-file-for-mmixx/music/baaa6b0e-e525-438d-bacd-ddc7228cc81f.mp3','https://s3.ap-northeast-2.amazonaws.com/bucket-mp3-file-for-mmixx/images/8efe7c7d-3752-46cd-b203-acaddcf6c0d1.jpg',NULL,NULL,NULL),(220,9,'그녀와 함께','The Soundtrack Kings','뷰티 인사이드 OST',NULL,103892,'https://s3.ap-northeast-2.amazonaws.com/bucket-mp3-file-for-mmixx/music/3190962b-9b32-4cc6-8270-9bb3c060e295.mp3','https://s3.ap-northeast-2.amazonaws.com/bucket-mp3-file-for-mmixx/images/cda288ad-7eb1-45bf-b5fa-7457fbfd3482.jpg',NULL,NULL,NULL),(221,9,'아쉬움','The Soundtrack Kings','뷰티 인사이드 OST',NULL,91561,'https://s3.ap-northeast-2.amazonaws.com/bucket-mp3-file-for-mmixx/music/fa3f71ed-0503-4acc-aafd-f250307d08bb.mp3','https://s3.ap-northeast-2.amazonaws.com/bucket-mp3-file-for-mmixx/images/544d569e-bae2-40f2-b531-8a2fadf23eb9.jpg',NULL,NULL,NULL),(222,9,'잠 못 이루는 밤','The Soundtrack Kings','뷰티 인사이드 OST',NULL,79778,'https://s3.ap-northeast-2.amazonaws.com/bucket-mp3-file-for-mmixx/music/81dd1dce-e026-4dd5-a3a5-1c54b7f95363.mp3','https://s3.ap-northeast-2.amazonaws.com/bucket-mp3-file-for-mmixx/images/0dade965-b892-49a5-a61e-ceeba426b9fe.jpg',NULL,NULL,NULL),(223,9,'바라보다','The Soundtrack Kings','뷰티 인사이드 OST',NULL,157762,'https://s3.ap-northeast-2.amazonaws.com/bucket-mp3-file-for-mmixx/music/d7c7ac9f-ed3c-441b-94c4-1351dbc4d188.mp3','https://s3.ap-northeast-2.amazonaws.com/bucket-mp3-file-for-mmixx/images/cb3305fa-5828-44b4-872b-ce43ca98e57f.jpg',NULL,NULL,NULL),(224,9,'갈등','The Soundtrack Kings','뷰티 인사이드 OST',NULL,30747,'https://s3.ap-northeast-2.amazonaws.com/bucket-mp3-file-for-mmixx/music/bdc6f026-2508-4768-add6-bc9d652794b4.mp3','https://s3.ap-northeast-2.amazonaws.com/bucket-mp3-file-for-mmixx/images/bd608a14-931d-47fe-b0ec-76c9c827faa4.jpg',NULL,NULL,NULL),(225,9,'마주보기','The Soundtrack Kings','뷰티 인사이드 OST',NULL,207765,'https://s3.ap-northeast-2.amazonaws.com/bucket-mp3-file-for-mmixx/music/a50833bf-25f0-4c28-816c-b7010f49605f.mp3','https://s3.ap-northeast-2.amazonaws.com/bucket-mp3-file-for-mmixx/images/c6c5dfe8-6636-43f2-a3b2-2227d6f88267.jpg',NULL,NULL,NULL),(226,9,'ASAP','STAYC(스테이씨)','STAYDOM',NULL,194885,'https://s3.ap-northeast-2.amazonaws.com/bucket-mp3-file-for-mmixx/music/a1aff2d9-6f57-4e41-911d-02cc8f38c78a.mp3','https://s3.ap-northeast-2.amazonaws.com/bucket-mp3-file-for-mmixx/images/4fe9128d-b0c8-495f-b6f6-cb77da6eca16.jpg',NULL,NULL,NULL),(227,9,'Señorita','Shawn Mendes, Camila Cabello','Señorita',NULL,191019,'https://s3.ap-northeast-2.amazonaws.com/bucket-mp3-file-for-mmixx/music/88993cda-13d2-447f-bb9c-31613715a48c.mp3','https://s3.ap-northeast-2.amazonaws.com/bucket-mp3-file-for-mmixx/images/b99c8943-a373-43fc-a155-7b8ae723449f.jpg',NULL,NULL,NULL),(228,9,'피카부 (Peek-A-Boo)','Red Velvet (레드벨벳)','Perfect Velvet - The 2nd Album',NULL,189112,'https://s3.ap-northeast-2.amazonaws.com/bucket-mp3-file-for-mmixx/music/c416c9aa-b17c-43f9-851d-621972f1451d.mp3','https://s3.ap-northeast-2.amazonaws.com/bucket-mp3-file-for-mmixx/images/e6bd2e28-0a10-4935-bf23-03a4285243ec.jpg',NULL,NULL,NULL),(229,9,'빨간 맛 (Red Flavor)','Red Velvet (레드벨벳)','The Red Summer - Summer Mini Album',NULL,191202,'https://s3.ap-northeast-2.amazonaws.com/bucket-mp3-file-for-mmixx/music/3993a98b-d234-4d70-8db0-f413f4cb4caf.mp3','https://s3.ap-northeast-2.amazonaws.com/bucket-mp3-file-for-mmixx/images/ed80eeac-31de-41a8-bfd3-b1adb02783a1.jpg',NULL,NULL,NULL),(230,9,'Hey Look Ma, I Made It','Panic! At The Disco','Pray For The Wicked',NULL,169727,'https://s3.ap-northeast-2.amazonaws.com/bucket-mp3-file-for-mmixx/music/53df6207-ee63-440e-b878-cdacea97c0c7.mp3','https://s3.ap-northeast-2.amazonaws.com/bucket-mp3-file-for-mmixx/images/8d26e76d-f907-4fc2-a857-0711e22e1d89.jpg',NULL,NULL,NULL),(231,9,'(Fuck A) Silver Lining','Panic! At The Disco','Pray For The Wicked',NULL,168656,'https://s3.ap-northeast-2.amazonaws.com/bucket-mp3-file-for-mmixx/music/ff0faa4b-527f-438f-ad07-9e812ffb46e1.mp3','https://s3.ap-northeast-2.amazonaws.com/bucket-mp3-file-for-mmixx/images/94021fa7-349a-48e3-a577-0a7acbf2b06a.jpg',NULL,NULL,NULL),(232,9,'黃昏 Koukon (황혼) (Twilight)','Oshio Kotaro','10th Anniversary Best',NULL,272999,'https://s3.ap-northeast-2.amazonaws.com/bucket-mp3-file-for-mmixx/music/f32c0847-753e-433c-9d74-c9e75071ed3d.mp3','https://s3.ap-northeast-2.amazonaws.com/bucket-mp3-file-for-mmixx/images/f5669be9-a8c8-46e3-a63f-22476e6f328e.jpg',NULL,NULL,NULL),(233,9,'ファイト! / Fight!','Oshio Kotaro','10th Anniversary Best',NULL,200607,'https://s3.ap-northeast-2.amazonaws.com/bucket-mp3-file-for-mmixx/music/540b94d3-cdc5-4545-98c9-3bcd6c0d526b.mp3','https://s3.ap-northeast-2.amazonaws.com/bucket-mp3-file-for-mmixx/images/3efc9ac2-29e7-4cf6-ad9f-d4ae9a0bf771.jpg',NULL,NULL,NULL),(234,9,'Paris In The Rain','Lauv','I met you when I was 18. (the playlist)',NULL,204760,'https://s3.ap-northeast-2.amazonaws.com/bucket-mp3-file-for-mmixx/music/e53b6965-f3e9-46ff-94f2-830c39db0d25.mp3','https://s3.ap-northeast-2.amazonaws.com/bucket-mp3-file-for-mmixx/images/ef1c5b77-52d7-4811-96e2-9f9ef0afe05a.jpg',NULL,NULL,NULL),(235,9,'Another Day Of Sun','La La Land Cast','라라 랜드 OST',NULL,228247,'https://s3.ap-northeast-2.amazonaws.com/bucket-mp3-file-for-mmixx/music/d6210477-1ca0-431f-97d8-a6c78a846192.mp3','https://s3.ap-northeast-2.amazonaws.com/bucket-mp3-file-for-mmixx/images/ecb95355-c66c-492b-a9fa-43376802c505.jpg',NULL,NULL,NULL),(244,9,'가을 아침','아이유','꽃갈피 둘',NULL,218946,'https://s3.ap-northeast-2.amazonaws.com/bucket-mp3-file-for-mmixx/music/93b7b913-766c-45ca-97ca-d6d768118d17.mp3','https://s3.ap-northeast-2.amazonaws.com/bucket-mp3-file-for-mmixx/images/c03d7d5b-9a8e-497c-baf3-3f4d41015218.jpg',NULL,NULL,NULL),(246,9,'무릎','아이유','CHAT-SHIRE',NULL,282953,'https://s3.ap-northeast-2.amazonaws.com/bucket-mp3-file-for-mmixx/music/2f4d6d47-76ef-4fa0-ba6d-ed9e8b8c96d4.mp3','https://s3.ap-northeast-2.amazonaws.com/bucket-mp3-file-for-mmixx/images/21146d1d-59d7-48b5-8370-41c4b6cae947.jpg',NULL,NULL,NULL),(254,11,'[M_V] 10CM - 서랍 __ 그 해 우리는(Our Beloved Summer) OST Part.1.mp3','Unknown','Unknown',NULL,237338,'https://s3.ap-northeast-2.amazonaws.com/bucket-mp3-file-for-mmixx/music/faecdcf7-e50a-4699-9f84-31c475c3b71a.mp3','https://s3.ap-northeast-2.amazonaws.com/bucket-mp3-file-for-mmixx/images/eafdffa7-9a1c-4fe2-a116-aced760755e7.jpg',NULL,NULL,NULL),(255,11,'NAYEON “POP!” Performance Video.mp3','Unknown','Unknown',NULL,171601,'https://s3.ap-northeast-2.amazonaws.com/bucket-mp3-file-for-mmixx/music/061276ae-5b24-4bf2-9a6f-7c3c9493edea.mp3','https://s3.ap-northeast-2.amazonaws.com/bucket-mp3-file-for-mmixx/images/c3ff4110-1d97-4808-8304-53e68ef37281.jpg',NULL,NULL,NULL),(256,11,'download-file.mp3','Unknown','Unknown',NULL,237338,'https://s3.ap-northeast-2.amazonaws.com/bucket-mp3-file-for-mmixx/music/e6dada52-3248-4729-a3f7-bb5cef028477.mp3','https://s3.ap-northeast-2.amazonaws.com/bucket-mp3-file-for-mmixx/images/eea4d436-9ccc-433e-92b0-33e6d5ccd0f6.jpg',NULL,NULL,NULL),(257,11,'[M_V] 10CM - 서랍 __ 그 해 우리는(Our Beloved Summer) OST Part.1.mp3','Unknown','Unknown',NULL,237338,'https://s3.ap-northeast-2.amazonaws.com/bucket-mp3-file-for-mmixx/music/44169a53-5c51-4538-9558-a7a5a9e6dc6e.mp3','https://s3.ap-northeast-2.amazonaws.com/bucket-mp3-file-for-mmixx/images/9f1519fc-1a7b-4724-818c-0540d822776d.jpg',NULL,NULL,NULL),(258,11,'smoke-143172.mp3','Unknown','Unknown',NULL,118888,'https://s3.ap-northeast-2.amazonaws.com/bucket-mp3-file-for-mmixx/music/8ec6725d-b444-4570-8af6-433b7aeb15c9.mp3','https://s3.ap-northeast-2.amazonaws.com/bucket-mp3-file-for-mmixx/images/fc191aa5-c783-495c-b1b9-c74b544c4ea1.jpg',NULL,NULL,NULL),(259,11,'download-file.mp3','Unknown','Unknown',NULL,237338,'https://s3.ap-northeast-2.amazonaws.com/bucket-mp3-file-for-mmixx/music/0d808977-ec19-4b04-9bac-3ab5ca6fbf1b.mp3','https://s3.ap-northeast-2.amazonaws.com/bucket-mp3-file-for-mmixx/images/4c80b3df-0c00-4e3b-8bcf-8c6f136b3f97.jpg',NULL,NULL,NULL),(260,10,'Cry For Love','Unknown','BAEKHYUN',NULL,211030,'https://s3.ap-northeast-2.amazonaws.com/bucket-mp3-file-for-mmixx/music/fabc1650-2e78-47cc-b1ec-f6b9728a0eb3.mp3','https://s3.ap-northeast-2.amazonaws.com/bucket-mp3-file-for-mmixx/images/fcc21e3a-34cf-44d9-a5af-aa6399392ad4.jpg',NULL,NULL,NULL),(261,9,'Flu','아이유','IU 5th Album \'LILAC\'',NULL,188380,'https://s3.ap-northeast-2.amazonaws.com/bucket-mp3-file-for-mmixx/music/f6ba5f85-aa73-40e9-8ae7-afd560f8417f.mp3','https://s3.ap-northeast-2.amazonaws.com/bucket-mp3-file-for-mmixx/images/03007189-b4a8-413e-8e84-69fa36d5798e.jpg',NULL,NULL,NULL),(262,10,'Cupid (Twin Ver.).mp3','Unknown','Unknown',NULL,174377,'https://s3.ap-northeast-2.amazonaws.com/bucket-mp3-file-for-mmixx/music/02c3d0b5-33ab-48c1-b304-a0e1ca1ad2f4.mp3','https://s3.ap-northeast-2.amazonaws.com/bucket-mp3-file-for-mmixx/images/b12ce8c7-332b-4788-80e4-2f2b944d5ce7.jpg',NULL,NULL,NULL),(263,11,'download-file.mp3','Unknown','Unknown',NULL,237338,'https://s3.ap-northeast-2.amazonaws.com/bucket-mp3-file-for-mmixx/music/fa8d78e8-e7f3-4976-b586-a1da7c9d834c.mp3','https://s3.ap-northeast-2.amazonaws.com/bucket-mp3-file-for-mmixx/images/00987efd-eb52-4274-97a6-792b12465983.jpg',NULL,NULL,NULL),(264,9,'My Universe_inst','Coldplay, 방탄소년단','My Universe',NULL,227672,'https://s3.ap-northeast-2.amazonaws.com/bucket-mp3-file-for-mmixx/music/0591f277-8095-4be0-8a54-8f3970370bfb_inst.wav','https://s3.ap-northeast-2.amazonaws.com/bucket-mp3-file-for-mmixx/images/5cd32dfe-a13c-4433-aaa6-0b1a88d7cd39.jpg',129,NULL,NULL),(265,9,'낙하 (with 아이유)_inst','AKMU (악뮤)','NEXT EPISODE',NULL,212885,'https://s3.ap-northeast-2.amazonaws.com/bucket-mp3-file-for-mmixx/music/ce86c54f-2f50-4f9d-acae-7afc21c22f9b_inst.wav','https://s3.ap-northeast-2.amazonaws.com/bucket-mp3-file-for-mmixx/images/c932988a-c020-41ef-a973-ccbb1b64e8c5.jpg',124,NULL,NULL),(266,11,'download-file.mp3','Unknown','Unknown',NULL,237338,'https://s3.ap-northeast-2.amazonaws.com/bucket-mp3-file-for-mmixx/music/dffea12c-7e91-4840-823a-447931e3feab.mp3','https://s3.ap-northeast-2.amazonaws.com/bucket-mp3-file-for-mmixx/images/eaa76de5-fd9e-4138-a23e-cb15791a3a47.jpg',NULL,NULL,NULL),(267,11,'[M_V] 10CM - 서랍 __ 그 해 우리는(Our Beloved Summer) OST Part.1.mp3','Unknown','Unknown',NULL,237338,'https://s3.ap-northeast-2.amazonaws.com/bucket-mp3-file-for-mmixx/music/bbf1f5cc-6d85-4840-8446-0dddf92454e1.mp3','https://s3.ap-northeast-2.amazonaws.com/bucket-mp3-file-for-mmixx/images/9473135b-205b-49f3-bde5-b6b02ee7b25e.jpg',NULL,NULL,NULL),(268,11,'download-file_inst.mp3','Unknown','Unknown',NULL,237338,'https://s3.ap-northeast-2.amazonaws.com/bucket-mp3-file-for-mmixx/music/dffea12c-7e91-4840-823a-447931e3feab_inst.wav','https://s3.ap-northeast-2.amazonaws.com/bucket-mp3-file-for-mmixx/images/eaa76de5-fd9e-4138-a23e-cb15791a3a47.jpg',266,NULL,NULL),(269,11,'download-file.mp3','Unknown','Unknown',NULL,237338,'https://s3.ap-northeast-2.amazonaws.com/bucket-mp3-file-for-mmixx/music/9646aa3f-172c-4050-ba06-7bc97cc29dc4.mp3','https://s3.ap-northeast-2.amazonaws.com/bucket-mp3-file-for-mmixx/images/019f6e0f-1ce0-48f1-9f0e-2ce03f6e2e2c.jpg',NULL,NULL,NULL),(270,9,'Iron Man 3','Brian Tyler','아이언맨 3 OST',NULL,143550,'https://s3.ap-northeast-2.amazonaws.com/bucket-mp3-file-for-mmixx/music/7926ce00-3f1c-445b-a70f-d20485fdfd98.mp3','https://s3.ap-northeast-2.amazonaws.com/bucket-mp3-file-for-mmixx/images/7c64870d-4f8a-4b8b-a29a-862b59ee60bd.jpg',NULL,NULL,NULL),(271,9,'DNA','방탄소년단','LOVE YOURSELF 承 `Her`',NULL,223179,'https://s3.ap-northeast-2.amazonaws.com/bucket-mp3-file-for-mmixx/music/239b93b6-5d68-4d2f-92e1-e1e4390e6dc9.mp3','https://s3.ap-northeast-2.amazonaws.com/bucket-mp3-file-for-mmixx/images/ffa46eba-2ec1-437d-ae49-674e19e2ef2e.jpg',NULL,NULL,NULL),(272,9,'bass_2.mp3','Unknown','Unknown',NULL,287629,'https://s3.ap-northeast-2.amazonaws.com/bucket-mp3-file-for-mmixx/music/203c4359-944b-4820-b3a5-33d708ea1e7e.mp3','https://s3.ap-northeast-2.amazonaws.com/bucket-mp3-file-for-mmixx/images/d099aeb9-0219-4183-8898-742625efd300.jpg',NULL,NULL,NULL),(273,9,'pop.wav','Unknown','Unknown',NULL,404836,'https://s3.ap-northeast-2.amazonaws.com/bucket-mp3-file-for-mmixx/music/c0a34dff-ec72-4be3-804a-d9bc037da373.wav','https://s3.ap-northeast-2.amazonaws.com/bucket-mp3-file-for-mmixx/images/e8a6dbf9-1def-477b-bd2b-cd9e30e409c6.jpg',NULL,NULL,NULL),(274,9,'raindrops.wav','Unknown','Unknown',NULL,442862,'https://s3.ap-northeast-2.amazonaws.com/bucket-mp3-file-for-mmixx/music/4efeaba5-e758-4015-8bc1-1e4ed502f9b1.wav','https://s3.ap-northeast-2.amazonaws.com/bucket-mp3-file-for-mmixx/images/fbf4bb0f-b87e-4f17-aba6-11a75b20252c.jpg',NULL,NULL,NULL),(275,11,'[M_V] 10CM - 서랍 __ 그 해 우리는(Our Beloved Summer) OST Part.1.mp3','Unknown','Unknown',NULL,237338,'https://s3.ap-northeast-2.amazonaws.com/bucket-mp3-file-for-mmixx/music/f9b604c3-a7eb-4d1b-a70b-e9f509ffdfe3.mp3','https://s3.ap-northeast-2.amazonaws.com/bucket-mp3-file-for-mmixx/images/7b4a8671-5774-4047-868b-0cfeba74f654.jpg',NULL,NULL,NULL),(276,11,'download-file.mp3','Unknown','Unknown',NULL,237338,'https://s3.ap-northeast-2.amazonaws.com/bucket-mp3-file-for-mmixx/music/a204a5fe-25ae-4a6d-be36-58763ff63043.mp3','https://s3.ap-northeast-2.amazonaws.com/bucket-mp3-file-for-mmixx/images/03394f5d-1b87-4a0d-a3a3-29f4776cfd17.jpg',NULL,NULL,NULL),(277,9,'Flu_inst','아이유','IU 5th Album \'LILAC\'',NULL,188380,'https://s3.ap-northeast-2.amazonaws.com/bucket-mp3-file-for-mmixx/music/f6ba5f85-aa73-40e9-8ae7-afd560f8417f_inst.wav','https://s3.ap-northeast-2.amazonaws.com/bucket-mp3-file-for-mmixx/images/03007189-b4a8-413e-8e84-69fa36d5798e.jpg',261,NULL,NULL),(278,10,'꽃','지수 (JISOO)','ME',NULL,173201,'https://s3.ap-northeast-2.amazonaws.com/bucket-mp3-file-for-mmixx/music/be993217-4869-443a-9aec-3f891a4135e6.mp3','https://s3.ap-northeast-2.amazonaws.com/bucket-mp3-file-for-mmixx/images/385488ab-9f3e-4af8-9abe-bfb161d06a24.jpg',NULL,NULL,NULL),(279,6,'NAYEON “POP!” Performance Video.mp3','Unknown','Unknown',NULL,171601,'https://s3.ap-northeast-2.amazonaws.com/bucket-mp3-file-for-mmixx/music/db3746b0-793f-4814-ab03-500eadc4534f.mp3','https://s3.ap-northeast-2.amazonaws.com/bucket-mp3-file-for-mmixx/images/7d628917-136f-490e-8cba-16e027545ffd.jpg',NULL,NULL,NULL),(280,6,'[M_V] 10CM - 서랍 __ 그 해 우리는(Our Beloved Summer) OST Part.1.mp3','Unknown','Unknown',NULL,237338,'https://s3.ap-northeast-2.amazonaws.com/bucket-mp3-file-for-mmixx/music/96de5a01-2141-451d-9672-af3ba87e4a2d.mp3','https://s3.ap-northeast-2.amazonaws.com/bucket-mp3-file-for-mmixx/images/6581caac-58fa-42f4-a22f-6b7e45905422.jpg',NULL,NULL,NULL),(281,11,'[M_V] 10CM - 서랍 __ 그 해 우리는(Our Beloved Summer) OST Part.1 (1).mp3','Unknown','Unknown',NULL,237338,'https://s3.ap-northeast-2.amazonaws.com/bucket-mp3-file-for-mmixx/music/d0a8e78b-9bf1-46d4-9c62-5833e0f64d98.mp3','https://s3.ap-northeast-2.amazonaws.com/bucket-mp3-file-for-mmixx/images/1d280cec-31ad-4f10-a187-5ccc16c9a230.jpg',NULL,NULL,NULL),(282,11,'[M_V] 10CM - 서랍 __ 그 해 우리는(Our Beloved Summer) OST Part.1.mp3','Unknown','Unknown',NULL,237338,'https://s3.ap-northeast-2.amazonaws.com/bucket-mp3-file-for-mmixx/music/90b71080-17c1-40e4-b854-bff8f71af358.mp3','https://s3.ap-northeast-2.amazonaws.com/bucket-mp3-file-for-mmixx/images/7f4321d0-e559-4789-9f51-2c827d645c86.jpg',NULL,NULL,NULL),(283,9,'Yellow_inst','Coldplay','Parachutes',NULL,269341,'https://s3.ap-northeast-2.amazonaws.com/bucket-mp3-file-for-mmixx/music/63f71266-993f-488c-bcc4-154ba7d41fa9_inst.wav','https://s3.ap-northeast-2.amazonaws.com/bucket-mp3-file-for-mmixx/images/3ab6da9b-30a0-4f28-88b2-225af63f0215.jpg',177,NULL,NULL),(284,9,'푸르던_inst','아이유','CHAT-SHIRE',NULL,247161,'https://s3.ap-northeast-2.amazonaws.com/bucket-mp3-file-for-mmixx/music/7aeb122c-2e54-4efb-9b66-0f86311b4ce6_inst.wav','https://s3.ap-northeast-2.amazonaws.com/bucket-mp3-file-for-mmixx/images/1f2dbbf3-1563-4563-b8b7-83967519b9f0.jpg',120,NULL,NULL),(285,9,'Blinding Lights_inst','The Weeknd','Blinding Lights',NULL,201599,'https://s3.ap-northeast-2.amazonaws.com/bucket-mp3-file-for-mmixx/music/56ef15d7-09d2-4beb-bddd-0cf5d14ef686_inst.wav','https://s3.ap-northeast-2.amazonaws.com/bucket-mp3-file-for-mmixx/images/91d3c90c-cbaa-42df-97ad-6cfed1da0e16.jpg',190,NULL,NULL),(286,11,'[M_V] 10CM - 서랍 __ 그 해 우리는(Our Beloved Summer) OST Part.1 (1).mp3','Unknown','Unknown',NULL,237338,'https://s3.ap-northeast-2.amazonaws.com/bucket-mp3-file-for-mmixx/music/e57f890b-8e9f-4022-b6fb-cf79d8a616b6.mp3','https://s3.ap-northeast-2.amazonaws.com/bucket-mp3-file-for-mmixx/images/f8e9755a-db8c-417f-8d98-dd0f25e2da96.jpg',NULL,NULL,NULL),(287,11,'[M_V] 10CM - 서랍 __ 그 해 우리는(Our Beloved Summer) OST Part.1.mp3','Unknown','Unknown',NULL,237338,'https://s3.ap-northeast-2.amazonaws.com/bucket-mp3-file-for-mmixx/music/6c0209b0-56e4-481b-9a86-656cf2e15303.mp3','https://s3.ap-northeast-2.amazonaws.com/bucket-mp3-file-for-mmixx/images/ffc1ca73-1270-4f73-8e71-8a1e365c984d.jpg',NULL,NULL,NULL),(291,11,'[M_V] 10CM - 서랍 __ 그 해 우리는(Our Beloved Summer) OST Part.1.mp3','Unknown','Unknown',NULL,237338,'https://s3.ap-northeast-2.amazonaws.com/bucket-mp3-file-for-mmixx/music/c9623876-894d-4db8-b316-29b9fa6a04d5.mp3','https://s3.ap-northeast-2.amazonaws.com/bucket-mp3-file-for-mmixx/images/d4f40e3a-655e-4d89-94ad-223578bd6639.jpg',NULL,NULL,NULL),(292,11,'cartoon-intro-13087_inst.mp3','???????','?????',NULL,10345,'https://s3.ap-northeast-2.amazonaws.com/bucket-mp3-file-for-mmixx/music/e226b754-e929-4e43-941c-503bc9669858_inst.wav','https://s3.ap-northeast-2.amazonaws.com/bucket-mp3-file-for-mmixx/images/69ba40ed-8989-42ef-b553-2d45ecc0c9b4.jpg',66,NULL,NULL),(293,11,'[M_V] 10CM - 서랍 __ 그 해 우리는(Our Beloved Summer) OST Part.1_inst.mp3',NULL,NULL,NULL,237338,'https://s3.ap-northeast-2.amazonaws.com/bucket-mp3-file-for-mmixx/music/c0c04ffb-5ce4-4d26-9720-b017b996fb02_inst.wav','https://s3.ap-northeast-2.amazonaws.com/bucket-mp3-file-for-mmixx/images/47a4b576-b3c7-489b-a88c-936d6b798b5e.jpg',47,NULL,NULL),(294,11,'cartoon-intro-13087_inst_inst.mp3','???????','?????',NULL,10345,'https://s3.ap-northeast-2.amazonaws.com/bucket-mp3-file-for-mmixx/music/e226b754-e929-4e43-941c-503bc9669858_inst_inst.wav','https://s3.ap-northeast-2.amazonaws.com/bucket-mp3-file-for-mmixx/images/69ba40ed-8989-42ef-b553-2d45ecc0c9b4.jpg',292,NULL,NULL),(295,11,'cartoon-intro-13087_inst_inst.mp3','???????','?????',NULL,10345,'https://s3.ap-northeast-2.amazonaws.com/bucket-mp3-file-for-mmixx/music/e226b754-e929-4e43-941c-503bc9669858_inst_inst.wav','https://s3.ap-northeast-2.amazonaws.com/bucket-mp3-file-for-mmixx/images/69ba40ed-8989-42ef-b553-2d45ecc0c9b4.jpg',178,NULL,NULL),(298,11,'download-file.mp3','Unknown','Unknown',NULL,237338,'https://s3.ap-northeast-2.amazonaws.com/bucket-mp3-file-for-mmixx/music/69b9b8e4-98b7-4f8d-ab11-6e31d4543163.mp3','https://s3.ap-northeast-2.amazonaws.com/bucket-mp3-file-for-mmixx/images/72bcf572-01db-4679-b225-2444af58d64d.jpg',NULL,NULL,NULL),(299,11,'[M_V] 10CM - 서랍 __ 그 해 우리는(Our Beloved Summer) OST Part.1.mp3','Unknown','Unknown',NULL,237338,'https://s3.ap-northeast-2.amazonaws.com/bucket-mp3-file-for-mmixx/music/f5434fdf-abd4-42ee-9015-bee961f4514e.mp3','https://s3.ap-northeast-2.amazonaws.com/bucket-mp3-file-for-mmixx/images/0abb3fa6-eaea-4340-aaff-12629b59965b.jpg',NULL,NULL,NULL),(300,9,'푸르던_mix','아이유','CHAT-SHIRE',NULL,247161,'https://s3.ap-northeast-2.amazonaws.com/bucket-mp3-file-for-mmixx/music/7aeb122c-2e54-4efb-9b66-0f86311b4ce6_mix.wav','https://s3.ap-northeast-2.amazonaws.com/bucket-mp3-file-for-mmixx/images/1f2dbbf3-1563-4563-b8b7-83967519b9f0.jpg',NULL,120,NULL),(301,11,'cartoon-intro-13087_inst_inst_inst.mp3','???????','?????',NULL,10345,'https://s3.ap-northeast-2.amazonaws.com/bucket-mp3-file-for-mmixx/music/e226b754-e929-4e43-941c-503bc9669858_inst_inst_inst.wav','https://s3.ap-northeast-2.amazonaws.com/bucket-mp3-file-for-mmixx/images/69ba40ed-8989-42ef-b553-2d45ecc0c9b4.jpg',294,NULL,NULL),(302,11,'dark-mystery-trailer-taking-our-time-131566.mp3','Unknown','Unknown',NULL,48039,'https://s3.ap-northeast-2.amazonaws.com/bucket-mp3-file-for-mmixx/music/ff32b6ad-154d-4430-981b-49100c521b58.mp3','https://s3.ap-northeast-2.amazonaws.com/bucket-mp3-file-for-mmixx/images/8be303d1-9a7e-4097-ae73-df4b24c22cec.jpg',NULL,NULL,NULL),(305,9,'낙하 (with 아이유)_mix','AKMU (악뮤)','NEXT EPISODE',NULL,212885,'https://s3.ap-northeast-2.amazonaws.com/bucket-mp3-file-for-mmixx/music/ce86c54f-2f50-4f9d-acae-7afc21c22f9b_mix.wav','https://s3.ap-northeast-2.amazonaws.com/bucket-mp3-file-for-mmixx/images/c932988a-c020-41ef-a973-ccbb1b64e8c5.jpg',NULL,124,NULL),(308,11,'cartoon-intro-13087_inst_inst.mp3','???????','?????',NULL,10345,'https://s3.ap-northeast-2.amazonaws.com/bucket-mp3-file-for-mmixx/music/e226b754-e929-4e43-941c-503bc9669858_inst_inst.wav','https://s3.ap-northeast-2.amazonaws.com/bucket-mp3-file-for-mmixx/images/69ba40ed-8989-42ef-b553-2d45ecc0c9b4.jpg',178,NULL,NULL),(309,6,'NAYEON “POP!” Performance Video.mp3','Unknown','Unknown',NULL,171601,'https://s3.ap-northeast-2.amazonaws.com/bucket-mp3-file-for-mmixx/music/8d855af1-3d3a-41a1-8c16-6d225e4370eb.mp3','https://s3.ap-northeast-2.amazonaws.com/bucket-mp3-file-for-mmixx/images/d2b7b373-d670-4422-a2b0-e2ae0d25adcb.jpg',NULL,NULL,NULL),(310,11,'[M_V] 10CM - 서랍 __ 그 해 우리는(Our Beloved Summer) OST Part.1.mp3','Unknown','Unknown',NULL,237338,'https://s3.ap-northeast-2.amazonaws.com/bucket-mp3-file-for-mmixx/music/4b40042d-4c95-4e62-a36b-3c9f42494e5f.mp3','https://s3.ap-northeast-2.amazonaws.com/bucket-mp3-file-for-mmixx/images/396f9ecc-d788-4509-8fb2-529a71846e32.jpg',NULL,NULL,NULL),(311,9,'Next Level_mix','aespa','Next Level',NULL,221663,'https://s3.ap-northeast-2.amazonaws.com/bucket-mp3-file-for-mmixx/music/c723a85b-43cf-4865-a18f-ea58e5935847_mix.wav','https://s3.ap-northeast-2.amazonaws.com/bucket-mp3-file-for-mmixx/images/0a534e18-4703-4363-ba72-ed9ffcc6f6fc.jpg',NULL,96,NULL),(314,9,'휘파람_inst','BLACKPINK','SQUARE ONE',NULL,211684,'https://s3.ap-northeast-2.amazonaws.com/bucket-mp3-file-for-mmixx/music/b333e340-4bad-43bf-b979-d49391e55a0e_inst.wav','https://s3.ap-northeast-2.amazonaws.com/bucket-mp3-file-for-mmixx/images/1963ec31-8994-4049-a346-ecf372ee7bf0.jpg',127,NULL,NULL),(315,9,'Seventh #9','정성하','L`atelier','Jazz',174900,'https://s3.ap-northeast-2.amazonaws.com/bucket-mp3-file-for-mmixx/music/1cc947d9-c893-45ba-933f-5baf878e210a.mp3','https://s3.ap-northeast-2.amazonaws.com/bucket-mp3-file-for-mmixx/images/b874139e-7840-4e96-9a63-0d66123b114c.jpg',NULL,NULL,NULL),(316,9,'Walking On Sunday','정성하','Monologue','New Age',185088,'https://s3.ap-northeast-2.amazonaws.com/bucket-mp3-file-for-mmixx/music/a0add350-2dfd-4aec-8775-b41e28877530.mp3','https://s3.ap-northeast-2.amazonaws.com/bucket-mp3-file-for-mmixx/images/5a246608-b159-46ce-aa4d-4d4e58e2e948.jpg',NULL,NULL,NULL),(317,16,'뱃노래','AKMU (악동뮤지션)','항해',NULL,138351,'https://s3.ap-northeast-2.amazonaws.com/bucket-mp3-file-for-mmixx/music/64f0a527-6f64-4381-82e7-07ee30c1cd1d.mp3','https://s3.ap-northeast-2.amazonaws.com/bucket-mp3-file-for-mmixx/images/e6584539-9ffe-4e50-b4ee-8364e804bc1a.jpg',NULL,NULL,NULL),(319,16,'어떻게 이별까지 사랑하겠어, 널 사랑하는 거지','AKMU (악동뮤지션)','항해',NULL,290163,'https://s3.ap-northeast-2.amazonaws.com/bucket-mp3-file-for-mmixx/music/4b0734b6-5091-4107-91ac-c0d13332da84.mp3','https://s3.ap-northeast-2.amazonaws.com/bucket-mp3-file-for-mmixx/images/6de870ed-33a9-44fd-b868-110cca486ce4.jpg',NULL,NULL,NULL),(327,10,'Zero_inst','NewJeans','Zero',NULL,154261,'https://s3.ap-northeast-2.amazonaws.com/bucket-mp3-file-for-mmixx/music/c21b74a7-d1b4-4001-b125-a6af467e0432_inst.wav','https://s3.ap-northeast-2.amazonaws.com/bucket-mp3-file-for-mmixx/images/af95c013-3960-422b-94ed-b53aa8853519.jpg',110,NULL,NULL),(328,16,'Lonely Night','10CM, 권진아','비긴어게인 오픈마이크 EPISODE. 9',NULL,240473,'https://s3.ap-northeast-2.amazonaws.com/bucket-mp3-file-for-mmixx/music/6d2994f7-f2c5-48b5-a3a6-db65ebc1cdb5.mp3','https://s3.ap-northeast-2.amazonaws.com/bucket-mp3-file-for-mmixx/images/bd89f441-27cb-447e-acd6-8bd4e93e4f23.jpg',NULL,NULL,NULL),(329,16,'Where Is Dream','10CM','스타트업 OST Part.6',NULL,183338,'https://s3.ap-northeast-2.amazonaws.com/bucket-mp3-file-for-mmixx/music/5a295673-5235-4cf7-b805-0b1951855852.mp3','https://s3.ap-northeast-2.amazonaws.com/bucket-mp3-file-for-mmixx/images/464eae12-2def-43a2-811a-9790f1ba1524.jpg',NULL,NULL,NULL),(330,16,'Stuck with U','Ariana Grande, Justin Bieber','Stuck with U',NULL,228534,'https://s3.ap-northeast-2.amazonaws.com/bucket-mp3-file-for-mmixx/music/9cdb89cd-5df2-4266-862d-754a0eb4b90c.mp3','https://s3.ap-northeast-2.amazonaws.com/bucket-mp3-file-for-mmixx/images/27918cea-d2fa-4007-ba0a-c902f7c3c62b.jpg',NULL,NULL,NULL),(331,16,'7 rings','Ariana Grande','7 rings',NULL,178688,'https://s3.ap-northeast-2.amazonaws.com/bucket-mp3-file-for-mmixx/music/6f460920-1a5c-4ea4-a44e-436fc29d21a5.mp3','https://s3.ap-northeast-2.amazonaws.com/bucket-mp3-file-for-mmixx/images/0d3391f6-a260-462c-b188-655b35f1d9ce.jpg',NULL,NULL,NULL),(332,16,'Santa Tell Me','Ariana Grande','Santa Tell Me',NULL,204186,'https://s3.ap-northeast-2.amazonaws.com/bucket-mp3-file-for-mmixx/music/b7e586d9-d871-4a2f-8697-298d2c0fe529.mp3','https://s3.ap-northeast-2.amazonaws.com/bucket-mp3-file-for-mmixx/images/681c72aa-ccd4-45fd-bc2a-5fecdb2bc837.jpg',NULL,NULL,NULL),(334,16,'자각몽 (Lucid Dream)','aespa','Savage - The 1st Mini Album',NULL,210639,'https://s3.ap-northeast-2.amazonaws.com/bucket-mp3-file-for-mmixx/music/d13dd4a3-1385-4984-b47d-4748bc3c63ac.mp3','https://s3.ap-northeast-2.amazonaws.com/bucket-mp3-file-for-mmixx/images/37d1cda5-b0aa-41f1-9305-13cdd0a2abd1.jpg',NULL,NULL,NULL),(335,16,'Savage','aespa','Savage - The 1st Mini Album',NULL,238227,'https://s3.ap-northeast-2.amazonaws.com/bucket-mp3-file-for-mmixx/music/e73991c7-68b5-4cd5-86ea-6f61643441e4.mp3','https://s3.ap-northeast-2.amazonaws.com/bucket-mp3-file-for-mmixx/images/87e63b01-2f17-4215-8787-61c64077c5a1.jpg',NULL,NULL,NULL),(336,16,'aenergy','aespa','Savage - The 1st Mini Album',NULL,147468,'https://s3.ap-northeast-2.amazonaws.com/bucket-mp3-file-for-mmixx/music/101ac2a0-7368-4787-8450-544d7373bdc3.mp3','https://s3.ap-northeast-2.amazonaws.com/bucket-mp3-file-for-mmixx/images/df63f041-adc0-4d5a-be01-cc0eed30e448.jpg',NULL,NULL,NULL),(348,9,'Blinding Lights_mix','The Weeknd','Blinding Lights',NULL,201599,'https://s3.ap-northeast-2.amazonaws.com/bucket-mp3-file-for-mmixx/music/56ef15d7-09d2-4beb-bddd-0cf5d14ef686_mix.wav','https://s3.ap-northeast-2.amazonaws.com/bucket-mp3-file-for-mmixx/images/91d3c90c-cbaa-42df-97ad-6cfed1da0e16.jpg',NULL,190,NULL),(349,9,'내 눈에만 보여','10cm','도깨비 OST Part.2',NULL,157056,'https://s3.ap-northeast-2.amazonaws.com/bucket-mp3-file-for-mmixx/music/af0bf8ba-f42a-4043-9c47-bb592e897362.mp3','https://s3.ap-northeast-2.amazonaws.com/bucket-mp3-file-for-mmixx/images/50921899-4700-4ae9-92bf-37305abe5a20.jpg',NULL,NULL,NULL),(350,9,'Who Are You','샘김 (SAM KIM)','도깨비 OST Part.6',NULL,255678,'https://s3.ap-northeast-2.amazonaws.com/bucket-mp3-file-for-mmixx/music/3e649dd1-a164-428f-bdf7-c0f24c369bab.mp3','https://s3.ap-northeast-2.amazonaws.com/bucket-mp3-file-for-mmixx/images/d15e03d6-562c-490b-abb6-3bce8227511c.jpg',NULL,NULL,NULL),(351,9,'Beautiful','Crush','도깨비 OST Part 4',NULL,228273,'https://s3.ap-northeast-2.amazonaws.com/bucket-mp3-file-for-mmixx/music/d4bc1ce5-1e64-4c5d-9cf6-a3687e688457.mp3','https://s3.ap-northeast-2.amazonaws.com/bucket-mp3-file-for-mmixx/images/b0ac6a54-c819-43ab-9a84-cdec8e4fecef.jpg',NULL,NULL,NULL),(352,9,'이쁘다니까','에디킴','도깨비 OST Part.5',NULL,196061,'https://s3.ap-northeast-2.amazonaws.com/bucket-mp3-file-for-mmixx/music/cd8fc0af-ce4b-4dfc-bbb2-bc54b52cb6fb.mp3','https://s3.ap-northeast-2.amazonaws.com/bucket-mp3-file-for-mmixx/images/f951765d-6456-4ba0-81d0-be0fb1e76526.jpg',NULL,NULL,NULL),(353,9,'Hush','Lasse Lindh','도깨비 OST Part.3',NULL,260485,'https://s3.ap-northeast-2.amazonaws.com/bucket-mp3-file-for-mmixx/music/4598e250-644f-4a38-8522-c7ff14bdbe28.mp3','https://s3.ap-northeast-2.amazonaws.com/bucket-mp3-file-for-mmixx/images/d9edd966-3162-4e8b-bbe7-bf39fcc3ae71.jpg',NULL,NULL,NULL),(354,9,'Stay With Me','찬열 (CHANYEOL), 펀치 (Punch)','도깨비 OST Part.1',NULL,192638,'https://s3.ap-northeast-2.amazonaws.com/bucket-mp3-file-for-mmixx/music/6a5aac56-0286-428c-bdeb-a308da4e7626.mp3','https://s3.ap-northeast-2.amazonaws.com/bucket-mp3-file-for-mmixx/images/4cc5c0da-733c-41f7-8ba6-c2e159cdb75e.jpg',NULL,NULL,NULL),(355,9,'북극성 (에필로그)','정승환','목소리',NULL,96054,'https://s3.ap-northeast-2.amazonaws.com/bucket-mp3-file-for-mmixx/music/231b64b4-6d09-4325-9d52-73470ff2e06a.mp3','https://s3.ap-northeast-2.amazonaws.com/bucket-mp3-file-for-mmixx/images/c2409839-d5c6-462b-9693-35e427852a94.jpg',NULL,NULL,NULL),(356,9,'목소리','정승환','목소리',NULL,239036,'https://s3.ap-northeast-2.amazonaws.com/bucket-mp3-file-for-mmixx/music/fa4cdc43-11f6-42ca-9575-7065c1a23f1d.mp3','https://s3.ap-northeast-2.amazonaws.com/bucket-mp3-file-for-mmixx/images/69b700fb-5493-4160-99fd-b7e8d5af4500.jpg',NULL,NULL,NULL),(357,9,'그 겨울','정승환','목소리',NULL,237626,'https://s3.ap-northeast-2.amazonaws.com/bucket-mp3-file-for-mmixx/music/5eae87ed-786b-47b5-b3a8-ccc92d7e7250.mp3','https://s3.ap-northeast-2.amazonaws.com/bucket-mp3-file-for-mmixx/images/2f2fafc3-d2ba-4964-9451-8b2ae8c18bf9.jpg',NULL,NULL,NULL),(358,9,'숲으로 걷는다','정승환','목소리',NULL,248363,'https://s3.ap-northeast-2.amazonaws.com/bucket-mp3-file-for-mmixx/music/ae5d924f-2d90-4801-bf3e-f741221161e1.mp3','https://s3.ap-northeast-2.amazonaws.com/bucket-mp3-file-for-mmixx/images/0c47bb60-3871-4341-82f0-b1fc6290c8cb.jpg',NULL,NULL,NULL),(359,9,'북극성 (프롤로그)','정승환','목소리',NULL,72072,'https://s3.ap-northeast-2.amazonaws.com/bucket-mp3-file-for-mmixx/music/6e06b9fd-a2df-474a-813f-168e08f4e591.mp3','https://s3.ap-northeast-2.amazonaws.com/bucket-mp3-file-for-mmixx/images/b11b35c1-d01a-49d5-a903-72d48b665c84.jpg',NULL,NULL,NULL),(360,11,'[M_V] 10CM - 서랍 __ 그 해 우리는(Our Beloved Summer) OST Part.1_inst.wav','Unknown','Unknown',NULL,671135,'https://s3.ap-northeast-2.amazonaws.com/bucket-mp3-file-for-mmixx/music/3f840d4f-9dcf-4c84-8375-31c11f78132a.wav','https://s3.ap-northeast-2.amazonaws.com/bucket-mp3-file-for-mmixx/images/261824be-d600-46f7-98d4-753f6ce68a9a.jpg',NULL,NULL,NULL),(365,16,'Watermelon','전소미','XOXO',NULL,182633,'https://s3.ap-northeast-2.amazonaws.com/bucket-mp3-file-for-mmixx/music/e0a244cb-3581-4f84-90bf-310395761227.mp3','https://s3.ap-northeast-2.amazonaws.com/bucket-mp3-file-for-mmixx/images/baca1d41-b57e-4a51-b6bd-a43daa44b21d.jpg',NULL,NULL,NULL),(366,16,'Anymore','전소미','XOXO',NULL,197785,'https://s3.ap-northeast-2.amazonaws.com/bucket-mp3-file-for-mmixx/music/b2aefb6f-e329-4b6a-9348-f9ed61063936.mp3','https://s3.ap-northeast-2.amazonaws.com/bucket-mp3-file-for-mmixx/images/c477906e-fac0-48a5-8fb9-04db8f6e90a8.jpg',NULL,NULL,NULL),(367,16,'Don’t Let Me Go (feat. 기리보이)','전소미','XOXO',NULL,179471,'https://s3.ap-northeast-2.amazonaws.com/bucket-mp3-file-for-mmixx/music/e621ec9d-ef98-4393-a5d7-6cc89ba60450.mp3','https://s3.ap-northeast-2.amazonaws.com/bucket-mp3-file-for-mmixx/images/b4ad97c8-4058-4923-94b6-1e7ef85e3f73.jpg',NULL,NULL,NULL),(368,16,'XOXO','전소미','XOXO',NULL,207739,'https://s3.ap-northeast-2.amazonaws.com/bucket-mp3-file-for-mmixx/music/c7f2884b-786d-41d1-8f9d-2c5dd9deded6.mp3','https://s3.ap-northeast-2.amazonaws.com/bucket-mp3-file-for-mmixx/images/ecd7d218-f0b3-4d06-9c82-46d28cd5d276.jpg',NULL,NULL,NULL),(369,16,'Flying on Faith','청하','Querencia',NULL,186786,'https://s3.ap-northeast-2.amazonaws.com/bucket-mp3-file-for-mmixx/music/6029f712-7351-4e0b-92dd-3301ae6111ec.mp3','https://s3.ap-northeast-2.amazonaws.com/bucket-mp3-file-for-mmixx/images/a40c35c7-b4b9-49ce-ba92-09731ccb302b.jpg',NULL,NULL,NULL),(370,16,'Bicycle','청하','Querencia',NULL,179236,'https://s3.ap-northeast-2.amazonaws.com/bucket-mp3-file-for-mmixx/music/ab60b960-ad71-4368-a445-9b5e4dc4d38c.mp3','https://s3.ap-northeast-2.amazonaws.com/bucket-mp3-file-for-mmixx/images/b281e5a4-5377-43ec-b424-e18d33524015.jpg',NULL,NULL,NULL),(371,16,'여행가','권진아','우리의 방식',NULL,236215,'https://s3.ap-northeast-2.amazonaws.com/bucket-mp3-file-for-mmixx/music/83d76d15-71cb-4eea-ad41-c5f7caa8c24e.mp3','https://s3.ap-northeast-2.amazonaws.com/bucket-mp3-file-for-mmixx/images/875fb1a2-3489-4a5e-9a7b-ac1c7ae2cbab.jpg',NULL,NULL,NULL),(372,16,'어른처럼 (With. 죠지)','권진아','우리의 방식',NULL,202070,'https://s3.ap-northeast-2.amazonaws.com/bucket-mp3-file-for-mmixx/music/9317b9c6-6e0e-47b6-bf14-da87748c5c8e.mp3','https://s3.ap-northeast-2.amazonaws.com/bucket-mp3-file-for-mmixx/images/0f205cb6-905d-423a-95be-254d2e05796f.jpg',NULL,NULL,NULL),(373,16,'You already have','권진아','우리의 방식',NULL,198020,'https://s3.ap-northeast-2.amazonaws.com/bucket-mp3-file-for-mmixx/music/0c85b61b-2b6b-45ee-ae25-0cdaa960efe7.mp3','https://s3.ap-northeast-2.amazonaws.com/bucket-mp3-file-for-mmixx/images/657b1660-900c-4a83-90c4-e30769853efa.jpg',NULL,NULL,NULL),(374,16,'꽃말','권진아','우리의 방식',NULL,209698,'https://s3.ap-northeast-2.amazonaws.com/bucket-mp3-file-for-mmixx/music/f16b190d-9699-4e93-97ab-12c58c26bddd.mp3','https://s3.ap-northeast-2.amazonaws.com/bucket-mp3-file-for-mmixx/images/d573ca1e-2c47-4549-82b9-11fdbe193af5.jpg',NULL,NULL,NULL),(375,16,'잘 가','권진아','우리의 방식',NULL,233655,'https://s3.ap-northeast-2.amazonaws.com/bucket-mp3-file-for-mmixx/music/f2959315-4359-4865-9ceb-903b4e94cc40.mp3','https://s3.ap-northeast-2.amazonaws.com/bucket-mp3-file-for-mmixx/images/2b9b75ee-51f9-42ae-b09a-2e8ccb0ece80.jpg',NULL,NULL,NULL),(376,16,'우리의 방식','권진아','우리의 방식',NULL,234621,'https://s3.ap-northeast-2.amazonaws.com/bucket-mp3-file-for-mmixx/music/21b3ff9a-8635-427e-8a57-5d51b9226ffa.mp3','https://s3.ap-northeast-2.amazonaws.com/bucket-mp3-file-for-mmixx/images/cdddadb8-8baf-4651-8156-80fb5e780f6d.jpg',NULL,NULL,NULL),(377,16,'Eighteen (End Of My World)','키 (KEY)','BAD LOVE - The 1st Mini Album',NULL,227019,'https://s3.ap-northeast-2.amazonaws.com/bucket-mp3-file-for-mmixx/music/42c16003-605f-463d-9d49-6a43ca90bcda.mp3','https://s3.ap-northeast-2.amazonaws.com/bucket-mp3-file-for-mmixx/images/14117ac2-2b69-4897-832d-6b495661bda4.jpg',NULL,NULL,NULL),(378,16,'Saturday Night','키 (KEY)','BAD LOVE - The 1st Mini Album',NULL,185402,'https://s3.ap-northeast-2.amazonaws.com/bucket-mp3-file-for-mmixx/music/de98c7fa-8dc5-4a36-a53a-2bfc1b6f6b63.mp3','https://s3.ap-northeast-2.amazonaws.com/bucket-mp3-file-for-mmixx/images/06ac0263-24a0-4822-8c7a-e3bfb8234e49.jpg',NULL,NULL,NULL),(379,16,'Helium (헬륨)','키 (KEY)','BAD LOVE - The 1st Mini Album',NULL,200293,'https://s3.ap-northeast-2.amazonaws.com/bucket-mp3-file-for-mmixx/music/0cf66149-265d-49a2-afde-cec5a1608f64.mp3','https://s3.ap-northeast-2.amazonaws.com/bucket-mp3-file-for-mmixx/images/b4b5341e-522d-4398-b2cb-534d3c514a55.jpg',NULL,NULL,NULL),(380,16,'Hate that… (Feat. 태연)','키 (KEY)','BAD LOVE - The 1st Mini Album',NULL,185480,'https://s3.ap-northeast-2.amazonaws.com/bucket-mp3-file-for-mmixx/music/5a5ee913-233d-4862-9bd3-5e6dc8f48874.mp3','https://s3.ap-northeast-2.amazonaws.com/bucket-mp3-file-for-mmixx/images/76768ea9-212e-464e-ac41-c8e9368d91d2.jpg',NULL,NULL,NULL),(381,16,'Yellow Tape','키 (KEY)','BAD LOVE - The 1st Mini Album',NULL,208914,'https://s3.ap-northeast-2.amazonaws.com/bucket-mp3-file-for-mmixx/music/7a96b01a-ac20-41a4-8c78-3f2e897956da.mp3','https://s3.ap-northeast-2.amazonaws.com/bucket-mp3-file-for-mmixx/images/9a7984bd-3986-49bb-84c6-bfabea8c56c1.jpg',NULL,NULL,NULL),(382,16,'BAD LOVE','키 (KEY)','BAD LOVE - The 1st Mini Album',NULL,205440,'https://s3.ap-northeast-2.amazonaws.com/bucket-mp3-file-for-mmixx/music/e7a0627e-576a-4b01-8d7c-1ebc562aabdd.mp3','https://s3.ap-northeast-2.amazonaws.com/bucket-mp3-file-for-mmixx/images/2a242178-b076-413f-9580-5b44a6108018.jpg',NULL,NULL,NULL),(383,16,'이 밤을 빌려 말해요 (바른연애 길잡이 X 10CM)','10CM','이 밤을 빌려 말해요 (바른연애 길잡이 X 10CM)',NULL,187910,'https://s3.ap-northeast-2.amazonaws.com/bucket-mp3-file-for-mmixx/music/db522221-95a9-4231-963e-287114c04ab2.mp3','https://s3.ap-northeast-2.amazonaws.com/bucket-mp3-file-for-mmixx/images/0b026363-31f2-4b4a-815a-8ffd9dbacdb1.jpg',NULL,NULL,NULL),(384,16,'밤하늘의 별을(2020)','경서','밤하늘의 별을(2020)',NULL,217300,'https://s3.ap-northeast-2.amazonaws.com/bucket-mp3-file-for-mmixx/music/415d3bdc-9c27-47da-8250-8c46143d3210.mp3','https://s3.ap-northeast-2.amazonaws.com/bucket-mp3-file-for-mmixx/images/7d226498-3611-474a-8789-8b98bded98c6.jpg',NULL,NULL,NULL),(385,16,'Celebrity','아이유','Celebrity',NULL,195617,'https://s3.ap-northeast-2.amazonaws.com/bucket-mp3-file-for-mmixx/music/184e6a3d-4958-4a71-9476-69c2cf86ac76.mp3','https://s3.ap-northeast-2.amazonaws.com/bucket-mp3-file-for-mmixx/images/99355c22-fbab-4048-9020-c9baebfc05d6.jpg',NULL,NULL,NULL),(386,16,'놓아줘 (with 태연)','Crush','with HER',NULL,211396,'https://s3.ap-northeast-2.amazonaws.com/bucket-mp3-file-for-mmixx/music/8e1aefc0-c494-4b78-84aa-f07dd8669f18.mp3','https://s3.ap-northeast-2.amazonaws.com/bucket-mp3-file-for-mmixx/images/6af7dc53-44a1-404f-b748-d8164dd576cb.jpg',NULL,NULL,NULL),(387,16,'ALIEN','이수현','ALIEN',NULL,181901,'https://s3.ap-northeast-2.amazonaws.com/bucket-mp3-file-for-mmixx/music/40c455cc-0ea9-4bef-a84a-d31528db1733.mp3','https://s3.ap-northeast-2.amazonaws.com/bucket-mp3-file-for-mmixx/images/e4c3f8b2-fa2d-445f-bd54-6a4e78a0ebc9.jpg',NULL,NULL,NULL),(388,16,'Butter (Instrumental)','방탄소년단','Butter',NULL,162229,'https://s3.ap-northeast-2.amazonaws.com/bucket-mp3-file-for-mmixx/music/662df7f1-95a6-45f2-a3b8-92275913f0e1.mp3','https://s3.ap-northeast-2.amazonaws.com/bucket-mp3-file-for-mmixx/images/21445d43-3386-4073-b84c-ad9ad1c3dfea.jpg',NULL,NULL,NULL),(389,16,'Butter (Cooler Remix)','방탄소년단','Butter',NULL,161706,'https://s3.ap-northeast-2.amazonaws.com/bucket-mp3-file-for-mmixx/music/f7b13789-4242-424f-a6cb-d776c528db50.mp3','https://s3.ap-northeast-2.amazonaws.com/bucket-mp3-file-for-mmixx/images/bf7e9845-348b-4ee7-8708-2a9ce1cee41d.jpg',NULL,NULL,NULL),(390,16,'Butter (Sweeter Remix)','방탄소년단','Butter',NULL,162020,'https://s3.ap-northeast-2.amazonaws.com/bucket-mp3-file-for-mmixx/music/f76ef1ae-2b3d-4588-b671-fac5715bfadd.mp3','https://s3.ap-northeast-2.amazonaws.com/bucket-mp3-file-for-mmixx/images/1f2b7069-5620-470a-911d-ea7c516a1b33.jpg',NULL,NULL,NULL),(391,16,'Butter (Hotter Remix)','방탄소년단','Butter',NULL,167036,'https://s3.ap-northeast-2.amazonaws.com/bucket-mp3-file-for-mmixx/music/4d314f7c-1705-478f-8719-604ec3642135.mp3','https://s3.ap-northeast-2.amazonaws.com/bucket-mp3-file-for-mmixx/images/754331a2-41e4-4030-977f-f2bf4bf5a991.jpg',NULL,NULL,NULL),(392,16,'Butter','방탄소년단','Butter',NULL,164528,'https://s3.ap-northeast-2.amazonaws.com/bucket-mp3-file-for-mmixx/music/3d28eaf4-519c-4ff6-8735-a5dadf7425f4.mp3','https://s3.ap-northeast-2.amazonaws.com/bucket-mp3-file-for-mmixx/images/d9edeacf-f0aa-4892-816d-b29c35a1f97b.jpg',NULL,NULL,NULL),(393,16,'나는 너 좋아','장범준','슬기로운 의사생활 시즌2 OST Part 3',NULL,187858,'https://s3.ap-northeast-2.amazonaws.com/bucket-mp3-file-for-mmixx/music/994767f0-53dc-454b-a950-1427e091079e.mp3','https://s3.ap-northeast-2.amazonaws.com/bucket-mp3-file-for-mmixx/images/db750c6c-f900-491e-b37b-f0241517857b.jpg',NULL,NULL,NULL),(394,16,'Weekend','태연 (TAEYEON)','Weekend',NULL,233498,'https://s3.ap-northeast-2.amazonaws.com/bucket-mp3-file-for-mmixx/music/7173c228-a0e6-4b08-83f2-410aaa536f00.mp3','https://s3.ap-northeast-2.amazonaws.com/bucket-mp3-file-for-mmixx/images/4f759474-b091-49e8-af68-5ac032a29bb9.jpg',NULL,NULL,NULL),(395,16,'마지막 날에 (Moving On)','규현 (KYUHYUN)','마지막 날에 (Moving On)',NULL,297400,'https://s3.ap-northeast-2.amazonaws.com/bucket-mp3-file-for-mmixx/music/cc49bf7f-8882-4b44-a436-9ff220cc1159.mp3','https://s3.ap-northeast-2.amazonaws.com/bucket-mp3-file-for-mmixx/images/bfc21935-2cee-4078-872a-eff1c557ec40.jpg',NULL,NULL,NULL),(396,16,'다시 여기 바닷가 (Acoustic Ver.)','이상순','두리쥬와 X LINDA X 신난다',NULL,261269,'https://s3.ap-northeast-2.amazonaws.com/bucket-mp3-file-for-mmixx/music/f7f61fcf-9f8a-4d0a-8e52-b3571472996c.mp3','https://s3.ap-northeast-2.amazonaws.com/bucket-mp3-file-for-mmixx/images/b40c0da9-aee5-45af-b3a3-956ad1ef9739.jpg',NULL,NULL,NULL),(397,16,'신난다 (Feat. 마마무)','비룡','두리쥬와 X LINDA X 신난다',NULL,212284,'https://s3.ap-northeast-2.amazonaws.com/bucket-mp3-file-for-mmixx/music/53044172-6779-4a1f-b80d-57d66f5a1a3b.mp3','https://s3.ap-northeast-2.amazonaws.com/bucket-mp3-file-for-mmixx/images/72228487-34f1-478a-8042-1b3044436f8f.jpg',NULL,NULL,NULL),(398,16,'LINDA (Feat. 윤미래)','린다G','두리쥬와 X LINDA X 신난다',NULL,268845,'https://s3.ap-northeast-2.amazonaws.com/bucket-mp3-file-for-mmixx/music/23bce8e4-adad-48cd-b4a5-5b01524020e6.mp3','https://s3.ap-northeast-2.amazonaws.com/bucket-mp3-file-for-mmixx/images/968aa0ca-6916-4d07-afd9-0ed08047825c.jpg',NULL,NULL,NULL),(399,16,'두리쥬와 (Feat. S.B.N)','유두래곤','두리쥬와 X LINDA X 신난다',NULL,219364,'https://s3.ap-northeast-2.amazonaws.com/bucket-mp3-file-for-mmixx/music/f4850777-cd46-4c49-8796-c00b204ead69.mp3','https://s3.ap-northeast-2.amazonaws.com/bucket-mp3-file-for-mmixx/images/7b152cf9-36d7-4fb5-adc9-875949ce0dcd.jpg',NULL,NULL,NULL),(400,16,'사이먼 도미닉','사이먼 도미닉','￦ & ONLY',NULL,223152,'https://s3.ap-northeast-2.amazonaws.com/bucket-mp3-file-for-mmixx/music/7412edc5-593c-437e-8efe-0361427d52cf.mp3','https://s3.ap-northeast-2.amazonaws.com/bucket-mp3-file-for-mmixx/images/c9ee9e53-04bd-4c0b-a346-02963c77af9b.jpg',NULL,NULL,NULL),(401,16,'정진철','사이먼 도미닉','DARKROOM',NULL,307928,'https://s3.ap-northeast-2.amazonaws.com/bucket-mp3-file-for-mmixx/music/ec7d20e6-2b53-47de-be10-b777ad2ba2a7.mp3','https://s3.ap-northeast-2.amazonaws.com/bucket-mp3-file-for-mmixx/images/a6c93a1e-d684-4f74-ab2b-5e0c9bc4a128.jpg',NULL,NULL,NULL),(402,16,'니가 알던 내가 아냐 (Prod. By GRAY)','사이먼 도미닉, ONE, 지투 (G2), BewhY (비와이)','쇼미더머니 5 Episode 1',NULL,306282,'https://s3.ap-northeast-2.amazonaws.com/bucket-mp3-file-for-mmixx/music/683d011a-36c6-4233-baa1-874651eaca25.mp3','https://s3.ap-northeast-2.amazonaws.com/bucket-mp3-file-for-mmixx/images/60dcf8f4-700e-4f26-bb1b-6a26943fc40e.jpg',NULL,NULL,NULL),(403,16,'맘 편히 (Comfortable)','사이먼 도미닉, GRAY (그레이), ONE','쇼미더머니 5 Episode 2',NULL,252308,'https://s3.ap-northeast-2.amazonaws.com/bucket-mp3-file-for-mmixx/music/c51b66bd-f39c-43db-8149-313e71d2ae02.mp3','https://s3.ap-northeast-2.amazonaws.com/bucket-mp3-file-for-mmixx/images/574ec891-b052-4478-9b55-1617315e20e5.jpg',NULL,NULL,NULL),(404,16,'I Like Me Better','Lauv','I Like Me Better',NULL,197498,'https://s3.ap-northeast-2.amazonaws.com/bucket-mp3-file-for-mmixx/music/63b2e352-329a-4c09-b367-c30f807ecdff.mp3','https://s3.ap-northeast-2.amazonaws.com/bucket-mp3-file-for-mmixx/images/fa5e43e7-0bf2-4349-8346-3e57e28b3843.jpg',NULL,NULL,NULL),(405,16,'여름 안에서 by 싹쓰리 (Feat. 황광희)','싹쓰리 (유두래곤, 린다G, 비룡)','여름 안에서 by 싹쓰리',NULL,281019,'https://s3.ap-northeast-2.amazonaws.com/bucket-mp3-file-for-mmixx/music/5cb15a0e-6834-4d95-90bc-c23f0bde9ec1.mp3','https://s3.ap-northeast-2.amazonaws.com/bucket-mp3-file-for-mmixx/images/169998cd-c201-4c05-9ee7-6b32124ea2bd.jpg',NULL,NULL,NULL),(406,16,'다시 여기 바닷가','싹쓰리 (유두래곤, 린다G, 비룡)','다시 여기 바닷가',NULL,233864,'https://s3.ap-northeast-2.amazonaws.com/bucket-mp3-file-for-mmixx/music/0705bdc3-9f53-436b-870a-22ffe4e34b28.mp3','https://s3.ap-northeast-2.amazonaws.com/bucket-mp3-file-for-mmixx/images/ddd45e6e-3929-4334-862c-ac44ad2e3484.jpg',NULL,NULL,NULL),(407,16,'홀로','이하이','홀로',NULL,178583,'https://s3.ap-northeast-2.amazonaws.com/bucket-mp3-file-for-mmixx/music/ef5de531-63c5-484c-9bb1-dd2993a04e68.mp3','https://s3.ap-northeast-2.amazonaws.com/bucket-mp3-file-for-mmixx/images/299e5524-5e04-4696-8592-41fdb9cb0211.jpg',NULL,NULL,NULL),(408,16,'Dreaming','규현 (KYUHYUN)','Dreaming',NULL,245463,'https://s3.ap-northeast-2.amazonaws.com/bucket-mp3-file-for-mmixx/music/4b315c90-0d9b-438b-b824-a466a08e432d.mp3','https://s3.ap-northeast-2.amazonaws.com/bucket-mp3-file-for-mmixx/images/17f8536a-e54b-4711-b96b-922de83e07e1.jpg',NULL,NULL,NULL),(409,16,'그 여름을 틀어줘','싹쓰리 (유두래곤, 린다G, 비룡)','그 여름을 틀어줘',NULL,204264,'https://s3.ap-northeast-2.amazonaws.com/bucket-mp3-file-for-mmixx/music/3d019953-33b4-4f04-9242-fa609db4c81a.mp3','https://s3.ap-northeast-2.amazonaws.com/bucket-mp3-file-for-mmixx/images/0270e2bf-6e69-4ac9-b5ea-addc03c7f1a7.jpg',NULL,NULL,NULL),(410,16,'I Don\'t Want to Miss a Thing (시네마 버스킹 Ver.)','헨리 (HENRY)','JTBC 비긴어게인 코리아 Episode.5',NULL,170589,'https://s3.ap-northeast-2.amazonaws.com/bucket-mp3-file-for-mmixx/music/41ce9798-b058-410f-b30d-f6368d5622cc.mp3','https://s3.ap-northeast-2.amazonaws.com/bucket-mp3-file-for-mmixx/images/4cc5c9cf-0703-4368-b436-fea9e5474bbb.jpg',NULL,NULL,NULL),(411,16,'7 rings_mix','Ariana Grande','7 rings',NULL,178688,'https://s3.ap-northeast-2.amazonaws.com/bucket-mp3-file-for-mmixx/music/6f460920-1a5c-4ea4-a44e-436fc29d21a5_mix.wav','https://s3.ap-northeast-2.amazonaws.com/bucket-mp3-file-for-mmixx/images/0d3391f6-a260-462c-b188-655b35f1d9ce.jpg',NULL,331,NULL),(412,16,'다시 여기 바닷가_inst','싹쓰리 (유두래곤, 린다G, 비룡)','다시 여기 바닷가',NULL,233864,'https://s3.ap-northeast-2.amazonaws.com/bucket-mp3-file-for-mmixx/music/0705bdc3-9f53-436b-870a-22ffe4e34b28_inst.wav','https://s3.ap-northeast-2.amazonaws.com/bucket-mp3-file-for-mmixx/images/ddd45e6e-3929-4334-862c-ac44ad2e3484.jpg',406,NULL,NULL),(413,11,'download-file.mp3','Unknown','Unknown',NULL,237338,'https://s3.ap-northeast-2.amazonaws.com/bucket-mp3-file-for-mmixx/music/53f835b8-df59-424f-a973-06cd73815ba3.mp3','https://s3.ap-northeast-2.amazonaws.com/bucket-mp3-file-for-mmixx/images/16fded31-2e5c-4b24-82b1-c752428d9980.jpg',NULL,NULL,NULL),(414,9,'Celebrity_inst','아이유','IU 5th Album \'LILAC\'',NULL,195617,'https://s3.ap-northeast-2.amazonaws.com/bucket-mp3-file-for-mmixx/music/3a83703c-9214-41ec-9826-b89165a44fec_inst.wav','https://s3.ap-northeast-2.amazonaws.com/bucket-mp3-file-for-mmixx/images/237b1c77-efc2-423c-a07c-8c744b0127e6.jpg',196,NULL,NULL),(415,9,'마음을 드려요_inst','아이유','사랑의 불시착 OST Part 11',NULL,280366,'https://s3.ap-northeast-2.amazonaws.com/bucket-mp3-file-for-mmixx/music/99fbbb71-b539-48d3-8e6b-6e131363d8cd_inst.wav','https://s3.ap-northeast-2.amazonaws.com/bucket-mp3-file-for-mmixx/images/66be2b42-54aa-4af8-a5d0-b091014a806e.jpg',203,NULL,NULL),(416,9,'The Milky Way','정성하','Monologue',NULL,279922,'https://s3.ap-northeast-2.amazonaws.com/bucket-mp3-file-for-mmixx/music/6212c49a-6aea-4ef9-b20d-e594baa053d3.mp3','https://s3.ap-northeast-2.amazonaws.com/bucket-mp3-file-for-mmixx/images/01c0e9f4-66f5-470c-8956-1a9c5a003409.jpg',NULL,NULL,NULL),(417,9,'Wedding Bell','정성하','Andante',NULL,296956,'https://s3.ap-northeast-2.amazonaws.com/bucket-mp3-file-for-mmixx/music/93a0c8d0-7f32-4650-8b49-6ea2de577d19.mp3','https://s3.ap-northeast-2.amazonaws.com/bucket-mp3-file-for-mmixx/images/2b3abf0e-7382-4201-ba58-b4ff6747fad2.jpg',NULL,NULL,NULL),(418,9,'Carol In Spring','정성하','Two Of Me',NULL,237234,'https://s3.ap-northeast-2.amazonaws.com/bucket-mp3-file-for-mmixx/music/b0e94656-da54-4099-8cda-3b50d8222af5.mp3','https://s3.ap-northeast-2.amazonaws.com/bucket-mp3-file-for-mmixx/images/62686f39-a030-4e3c-9ac3-924cee4fde80.jpg',NULL,NULL,NULL),(419,9,'Carrying You (From `Laputa : Castle In The Sky`)','정성하','Monologue',NULL,307092,'https://s3.ap-northeast-2.amazonaws.com/bucket-mp3-file-for-mmixx/music/49b55fc6-3acc-42da-8a2d-f46ad69ac0dd.mp3','https://s3.ap-northeast-2.amazonaws.com/bucket-mp3-file-for-mmixx/images/bbf50597-4d6e-4b7a-b956-924babd9b481.jpg',NULL,NULL,NULL),(420,9,'Stars','정성하','Two Of Me',NULL,237155,'https://s3.ap-northeast-2.amazonaws.com/bucket-mp3-file-for-mmixx/music/c33b880c-8a15-4207-bf25-a066aebbf11f.mp3','https://s3.ap-northeast-2.amazonaws.com/bucket-mp3-file-for-mmixx/images/eca1a1ce-34fd-4912-abfe-4801a13294c7.jpg',NULL,NULL,NULL),(421,9,'Autumn Leaves','정성하','Mixtape',NULL,208104,'https://s3.ap-northeast-2.amazonaws.com/bucket-mp3-file-for-mmixx/music/de3caf03-f93a-41c8-849a-d680482093b8.mp3','https://s3.ap-northeast-2.amazonaws.com/bucket-mp3-file-for-mmixx/images/1e836ad5-59ba-4020-8e1b-18ac5bd5ee21.jpg',NULL,NULL,NULL),(422,9,'Antonio`s Song','정성하','Mixtape',NULL,280288,'https://s3.ap-northeast-2.amazonaws.com/bucket-mp3-file-for-mmixx/music/0cd8fff3-5a13-43e9-8e65-cef24cd04e0e.mp3','https://s3.ap-northeast-2.amazonaws.com/bucket-mp3-file-for-mmixx/images/3df72681-c6c7-4024-be32-37c18880757f.jpg',NULL,NULL,NULL),(423,9,'Mellow Breeze','정성하','Monologue',NULL,231303,'https://s3.ap-northeast-2.amazonaws.com/bucket-mp3-file-for-mmixx/music/d517eb65-de68-4637-b9fa-10a2c9d367f9.mp3','https://s3.ap-northeast-2.amazonaws.com/bucket-mp3-file-for-mmixx/images/758304b8-26f4-4600-b178-941a8902e1e6.jpg',NULL,NULL,NULL),(424,9,'나랑 같이 걸을래 (바른연애 길잡이 X 적재)_mix','적재','나랑 같이 걸을래 (바른연애 길잡이 X 적재)',NULL,226601,'https://s3.ap-northeast-2.amazonaws.com/bucket-mp3-file-for-mmixx/music/3e7e403e-fb4f-4ea2-b7d3-78f1a94e9430_mix.wav','https://s3.ap-northeast-2.amazonaws.com/bucket-mp3-file-for-mmixx/images/01d0836e-115a-4701-bbd4-7160c84e5b2c.jpg',NULL,201,NULL),(425,11,'smoke-143172_inst.mp3',NULL,NULL,NULL,118888,'https://s3.ap-northeast-2.amazonaws.com/bucket-mp3-file-for-mmixx/music/1eecbb9c-5db1-4c81-8258-f14008c54756_inst.wav','https://s3.ap-northeast-2.amazonaws.com/bucket-mp3-file-for-mmixx/images/f29de91c-2e6e-44e1-94b1-2f9ff6d6167a.jpg',50,NULL,NULL),(426,9,'나랑 같이 걸을래 (바른연애 길잡이 X 적재)_inst','적재','나랑 같이 걸을래 (바른연애 길잡이 X 적재)',NULL,226601,'https://s3.ap-northeast-2.amazonaws.com/bucket-mp3-file-for-mmixx/music/3e7e403e-fb4f-4ea2-b7d3-78f1a94e9430_inst.wav','https://s3.ap-northeast-2.amazonaws.com/bucket-mp3-file-for-mmixx/images/01d0836e-115a-4701-bbd4-7160c84e5b2c.jpg',201,NULL,NULL),(427,9,'Bad_inst','Christopher','Under the Surface',NULL,191567,'https://s3.ap-northeast-2.amazonaws.com/bucket-mp3-file-for-mmixx/music/65a663b9-93da-4cec-8502-aa9cb70b0682_inst.wav','https://s3.ap-northeast-2.amazonaws.com/bucket-mp3-file-for-mmixx/images/436da50b-ec9f-40a5-b072-697f8e12ed6d.jpg',198,NULL,NULL),(428,10,'Zero_inst','NewJeans','Zero',NULL,154261,'https://s3.ap-northeast-2.amazonaws.com/bucket-mp3-file-for-mmixx/music/c21b74a7-d1b4-4001-b125-a6af467e0432_inst.wav','https://s3.ap-northeast-2.amazonaws.com/bucket-mp3-file-for-mmixx/images/af95c013-3960-422b-94ed-b53aa8853519.jpg',110,NULL,NULL),(429,9,'가을 아침_inst','아이유','꽃갈피 둘',NULL,218946,'https://s3.ap-northeast-2.amazonaws.com/bucket-mp3-file-for-mmixx/music/93b7b913-766c-45ca-97ca-d6d768118d17_inst.wav','https://s3.ap-northeast-2.amazonaws.com/bucket-mp3-file-for-mmixx/images/c03d7d5b-9a8e-497c-baf3-3f4d41015218.jpg',244,NULL,NULL),(430,11,'[M_V] 10CM - 서랍 __ 그 해 우리는(Our Beloved Summer) OST Part.1_inst.mp3',NULL,NULL,NULL,237338,'https://s3.ap-northeast-2.amazonaws.com/bucket-mp3-file-for-mmixx/music/c0c04ffb-5ce4-4d26-9720-b017b996fb02_inst.wav','https://s3.ap-northeast-2.amazonaws.com/bucket-mp3-file-for-mmixx/images/47a4b576-b3c7-489b-a88c-936d6b798b5e.jpg',47,NULL,NULL),(431,9,'푸르던_inst','아이유','CHAT-SHIRE',NULL,247161,'https://s3.ap-northeast-2.amazonaws.com/bucket-mp3-file-for-mmixx/music/7aeb122c-2e54-4efb-9b66-0f86311b4ce6_inst.wav','https://s3.ap-northeast-2.amazonaws.com/bucket-mp3-file-for-mmixx/images/1f2dbbf3-1563-4563-b8b7-83967519b9f0.jpg',120,NULL,NULL),(432,11,'[M_V] 10CM - 서랍 __ 그 해 우리는(Our Beloved Summer) OST Part.1_inst.mp3',NULL,NULL,NULL,237338,'https://s3.ap-northeast-2.amazonaws.com/bucket-mp3-file-for-mmixx/music/c0c04ffb-5ce4-4d26-9720-b017b996fb02_inst.wav','https://s3.ap-northeast-2.amazonaws.com/bucket-mp3-file-for-mmixx/images/47a4b576-b3c7-489b-a88c-936d6b798b5e.jpg',47,NULL,NULL),(433,10,'Hype boy_inst','NewJeans','NewJeans 1st EP \'New Jeans\'',NULL,176676,'https://s3.ap-northeast-2.amazonaws.com/bucket-mp3-file-for-mmixx/music/3ab0c2b5-71bb-4691-b757-6c1eb2f29285_inst.wav','https://s3.ap-northeast-2.amazonaws.com/bucket-mp3-file-for-mmixx/images/baca3a62-3179-4c3b-ae02-cbf10e531951.jpg',114,NULL,NULL),(434,9,'낙하 (with 아이유)_inst','AKMU (악뮤)','NEXT EPISODE',NULL,212885,'https://s3.ap-northeast-2.amazonaws.com/bucket-mp3-file-for-mmixx/music/ce86c54f-2f50-4f9d-acae-7afc21c22f9b_inst.wav','https://s3.ap-northeast-2.amazonaws.com/bucket-mp3-file-for-mmixx/images/c932988a-c020-41ef-a973-ccbb1b64e8c5.jpg',124,NULL,NULL),(435,11,'[M_V] 10CM - 서랍 __ 그 해 우리는(Our Beloved Summer) OST Part.1_inst.mp3',NULL,NULL,NULL,237338,'https://s3.ap-northeast-2.amazonaws.com/bucket-mp3-file-for-mmixx/music/c0c04ffb-5ce4-4d26-9720-b017b996fb02_inst.wav','https://s3.ap-northeast-2.amazonaws.com/bucket-mp3-file-for-mmixx/images/47a4b576-b3c7-489b-a88c-936d6b798b5e.jpg',47,NULL,NULL),(436,11,'NAYEON “POP!” Performance Video_inst.mp3',NULL,NULL,NULL,171601,'https://s3.ap-northeast-2.amazonaws.com/bucket-mp3-file-for-mmixx/music/48308be9-9e22-4cc4-9faa-c7b6de86fdea_inst.wav','https://s3.ap-northeast-2.amazonaws.com/bucket-mp3-file-for-mmixx/images/84dd79eb-9a65-4273-ae5e-de03461fbdf6.jpg',48,NULL,NULL),(437,11,'cartoon-intro-13087_inst.mp3','???????','?????',NULL,10345,'https://s3.ap-northeast-2.amazonaws.com/bucket-mp3-file-for-mmixx/music/e226b754-e929-4e43-941c-503bc9669858_inst.wav','https://s3.ap-northeast-2.amazonaws.com/bucket-mp3-file-for-mmixx/images/69ba40ed-8989-42ef-b553-2d45ecc0c9b4.jpg',66,NULL,NULL),(438,10,'Zero_inst','NewJeans','Zero',NULL,154261,'https://s3.ap-northeast-2.amazonaws.com/bucket-mp3-file-for-mmixx/music/c21b74a7-d1b4-4001-b125-a6af467e0432_inst.wav','https://s3.ap-northeast-2.amazonaws.com/bucket-mp3-file-for-mmixx/images/af95c013-3960-422b-94ed-b53aa8853519.jpg',110,NULL,NULL),(439,10,'Zero_inst','NewJeans','Zero',NULL,154261,'https://s3.ap-northeast-2.amazonaws.com/bucket-mp3-file-for-mmixx/music/c21b74a7-d1b4-4001-b125-a6af467e0432_inst.wav','https://s3.ap-northeast-2.amazonaws.com/bucket-mp3-file-for-mmixx/images/af95c013-3960-422b-94ed-b53aa8853519.jpg',110,NULL,NULL),(440,6,'XOXO','전소미','XOXO',NULL,207739,'https://s3.ap-northeast-2.amazonaws.com/bucket-mp3-file-for-mmixx/music/cff72e90-4c77-4247-85f2-c296e14234c1.mp3','https://s3.ap-northeast-2.amazonaws.com/bucket-mp3-file-for-mmixx/images/bc490376-01c5-4f2a-b883-0891ac97e600.jpg',NULL,NULL,NULL),(445,10,'Beatbox_inst','NCT DREAM','Beatbox - The 2nd Album Repackage',NULL,205205,'https://s3.ap-northeast-2.amazonaws.com/bucket-mp3-file-for-mmixx/music/2f856935-aed1-4e25-9f3a-5b5152a02f3d_inst.wav','https://s3.ap-northeast-2.amazonaws.com/bucket-mp3-file-for-mmixx/images/8da338bf-1fa7-40dc-9e04-1d8fae6c01bb.jpg',115,NULL,NULL),(446,16,'Where Is Dream_inst','10CM','스타트업 OST Part.6',NULL,183338,'https://s3.ap-northeast-2.amazonaws.com/bucket-mp3-file-for-mmixx/music/5a295673-5235-4cf7-b805-0b1951855852_inst.wav','https://s3.ap-northeast-2.amazonaws.com/bucket-mp3-file-for-mmixx/images/464eae12-2def-43a2-811a-9790f1ba1524.jpg',329,NULL,NULL),(447,9,'strawberry moon_inst','아이유','strawberry moon',NULL,205414,'https://s3.ap-northeast-2.amazonaws.com/bucket-mp3-file-for-mmixx/music/814a62f3-d5c7-48d4-8d82-3e3a2241123a_inst.wav','https://s3.ap-northeast-2.amazonaws.com/bucket-mp3-file-for-mmixx/images/e5636121-6a6a-492b-8e54-5a7b9a1f08a9.jpg',191,NULL,NULL),(448,10,'Zero_inst','NewJeans','Zero',NULL,154261,'https://s3.ap-northeast-2.amazonaws.com/bucket-mp3-file-for-mmixx/music/c21b74a7-d1b4-4001-b125-a6af467e0432_inst.wav','https://s3.ap-northeast-2.amazonaws.com/bucket-mp3-file-for-mmixx/images/af95c013-3960-422b-94ed-b53aa8853519.jpg',110,NULL,NULL),(449,9,'거리에서_inst','The Soundtrack Kings','뷰티 인사이드 OST',NULL,41535,'https://s3.ap-northeast-2.amazonaws.com/bucket-mp3-file-for-mmixx/music/dbafbebe-e25f-45cf-8002-16d56db8f706_inst.wav','https://s3.ap-northeast-2.amazonaws.com/bucket-mp3-file-for-mmixx/images/fe5f3656-1eaf-4999-bcff-f1d0359604f6.jpg',214,NULL,NULL),(450,9,'아쉬움_inst','The Soundtrack Kings','뷰티 인사이드 OST',NULL,91561,'https://s3.ap-northeast-2.amazonaws.com/bucket-mp3-file-for-mmixx/music/fa3f71ed-0503-4acc-aafd-f250307d08bb_inst.wav','https://s3.ap-northeast-2.amazonaws.com/bucket-mp3-file-for-mmixx/images/544d569e-bae2-40f2-b531-8a2fadf23eb9.jpg',221,NULL,NULL),(451,9,'마음을 드려요_inst','아이유','사랑의 불시착 OST Part 11',NULL,280366,'https://s3.ap-northeast-2.amazonaws.com/bucket-mp3-file-for-mmixx/music/99fbbb71-b539-48d3-8e6b-6e131363d8cd_inst.wav','https://s3.ap-northeast-2.amazonaws.com/bucket-mp3-file-for-mmixx/images/66be2b42-54aa-4af8-a5d0-b091014a806e.jpg',203,NULL,NULL),(452,16,'어떻게 이별까지 사랑하겠어, 널 사랑하는 거지_inst','AKMU (악동뮤지션)','항해',NULL,290163,'https://s3.ap-northeast-2.amazonaws.com/bucket-mp3-file-for-mmixx/music/4b0734b6-5091-4107-91ac-c0d13332da84_inst.wav','https://s3.ap-northeast-2.amazonaws.com/bucket-mp3-file-for-mmixx/images/6de870ed-33a9-44fd-b868-110cca486ce4.jpg',319,NULL,NULL),(453,9,'4 Walls_inst','f(x)','4 Walls - The 4th Album',NULL,207530,'https://s3.ap-northeast-2.amazonaws.com/bucket-mp3-file-for-mmixx/music/519154be-ee30-48e2-9fc0-b660dc055fcb_inst.wav','https://s3.ap-northeast-2.amazonaws.com/bucket-mp3-file-for-mmixx/images/9b26107b-acce-4f92-8a4c-3bacae207669.jpg',7,NULL,NULL),(454,9,'Gone_inst','로제 (ROSÉ)','R',NULL,207242,'https://s3.ap-northeast-2.amazonaws.com/bucket-mp3-file-for-mmixx/music/99696cce-0b52-4e43-8c28-f53f7bb2625d_inst.wav','https://s3.ap-northeast-2.amazonaws.com/bucket-mp3-file-for-mmixx/images/3c6380d7-969f-4e8d-9f2f-608f5616eb6d.jpg',194,NULL,NULL),(455,9,'Blinding Lights_inst','The Weeknd','Blinding Lights',NULL,201599,'https://s3.ap-northeast-2.amazonaws.com/bucket-mp3-file-for-mmixx/music/56ef15d7-09d2-4beb-bddd-0cf5d14ef686_inst.wav','https://s3.ap-northeast-2.amazonaws.com/bucket-mp3-file-for-mmixx/images/91d3c90c-cbaa-42df-97ad-6cfed1da0e16.jpg',190,NULL,NULL),(458,9,'My Heart_mix','Christopher','Under the Surface',NULL,196505,'https://s3.ap-northeast-2.amazonaws.com/bucket-mp3-file-for-mmixx/music/7048868a-8955-43a2-adc0-e6acff10fd98_mix.wav','https://s3.ap-northeast-2.amazonaws.com/bucket-mp3-file-for-mmixx/images/4fd1cd26-d5ab-4bca-b7d3-94983c32c567.jpg',NULL,199,NULL),(459,9,'Gone_mix','로제 (ROSÉ)','R',NULL,207242,'https://s3.ap-northeast-2.amazonaws.com/bucket-mp3-file-for-mmixx/music/99696cce-0b52-4e43-8c28-f53f7bb2625d_mix.wav','https://s3.ap-northeast-2.amazonaws.com/bucket-mp3-file-for-mmixx/images/3c6380d7-969f-4e8d-9f2f-608f5616eb6d.jpg',NULL,194,NULL),(460,9,'Bad_mix','Christopher','Under the Surface',NULL,191567,'https://s3.ap-northeast-2.amazonaws.com/bucket-mp3-file-for-mmixx/music/65a663b9-93da-4cec-8502-aa9cb70b0682_mix.wav','https://s3.ap-northeast-2.amazonaws.com/bucket-mp3-file-for-mmixx/images/436da50b-ec9f-40a5-b072-697f8e12ed6d.jpg',NULL,198,NULL),(461,16,'홀로_inst','이하이','홀로',NULL,178583,'https://s3.ap-northeast-2.amazonaws.com/bucket-mp3-file-for-mmixx/music/ef5de531-63c5-484c-9bb1-dd2993a04e68_inst.wav','https://s3.ap-northeast-2.amazonaws.com/bucket-mp3-file-for-mmixx/images/299e5524-5e04-4696-8592-41fdb9cb0211.jpg',407,NULL,NULL),(462,10,'typical-trap-loop-140bpm-129880_inst.mp3','test-Artist-Name','test-Album-Name',NULL,6897,'https://s3.ap-northeast-2.amazonaws.com/bucket-mp3-file-for-mmixx/music/32edd570-e5b5-493e-9846-61682d77f813_inst.wav','https://s3.ap-northeast-2.amazonaws.com/bucket-mp3-file-for-mmixx/images/da0a80f1-7056-4fc5-a711-7ac84bc56dd6.jpg',62,NULL,NULL),(463,10,'cartoon-intro-13087_inst.mp3','???????','?????',NULL,10345,'https://s3.ap-northeast-2.amazonaws.com/bucket-mp3-file-for-mmixx/music/7470fa8d-d4ed-4483-8b5f-5b4d04d085b4_inst.wav','https://s3.ap-northeast-2.amazonaws.com/bucket-mp3-file-for-mmixx/images/8087b0b4-bd41-4fc8-8e00-55bc3b701705.jpg',63,NULL,NULL),(464,9,'휘파람_inst','BLACKPINK','SQUARE ONE',NULL,211684,'https://s3.ap-northeast-2.amazonaws.com/bucket-mp3-file-for-mmixx/music/b333e340-4bad-43bf-b979-d49391e55a0e_inst.wav','https://s3.ap-northeast-2.amazonaws.com/bucket-mp3-file-for-mmixx/images/1963ec31-8994-4049-a346-ecf372ee7bf0.jpg',127,NULL,NULL),(465,10,'cartoon-intro-13087_inst.mp3','???????','?????',NULL,10345,'https://s3.ap-northeast-2.amazonaws.com/bucket-mp3-file-for-mmixx/music/7470fa8d-d4ed-4483-8b5f-5b4d04d085b4_inst.wav','https://s3.ap-northeast-2.amazonaws.com/bucket-mp3-file-for-mmixx/images/8087b0b4-bd41-4fc8-8e00-55bc3b701705.jpg',63,NULL,NULL),(466,9,'휘파람_mix','BLACKPINK','SQUARE ONE',NULL,211684,'https://s3.ap-northeast-2.amazonaws.com/bucket-mp3-file-for-mmixx/music/b333e340-4bad-43bf-b979-d49391e55a0e_mix.wav','https://s3.ap-northeast-2.amazonaws.com/bucket-mp3-file-for-mmixx/images/1963ec31-8994-4049-a346-ecf372ee7bf0.jpg',NULL,127,NULL),(467,10,'typical-trap-loop-140bpm-129880_inst.mp3','test-Artist-Name','test-Album-Name',NULL,6897,'https://s3.ap-northeast-2.amazonaws.com/bucket-mp3-file-for-mmixx/music/32edd570-e5b5-493e-9846-61682d77f813_inst.wav','https://s3.ap-northeast-2.amazonaws.com/bucket-mp3-file-for-mmixx/images/da0a80f1-7056-4fc5-a711-7ac84bc56dd6.jpg',62,NULL,NULL),(468,10,'typical-trap-loop-140bpm-129880_inst.mp3','test-Artist-Name','test-Album-Name',NULL,6897,'https://s3.ap-northeast-2.amazonaws.com/bucket-mp3-file-for-mmixx/music/32edd570-e5b5-493e-9846-61682d77f813_inst.wav','https://s3.ap-northeast-2.amazonaws.com/bucket-mp3-file-for-mmixx/images/da0a80f1-7056-4fc5-a711-7ac84bc56dd6.jpg',62,NULL,NULL),(469,10,'typical-trap-loop-140bpm-129880_inst.mp3','test-Artist-Name','test-Album-Name',NULL,6897,'https://s3.ap-northeast-2.amazonaws.com/bucket-mp3-file-for-mmixx/music/32edd570-e5b5-493e-9846-61682d77f813_inst.wav','https://s3.ap-northeast-2.amazonaws.com/bucket-mp3-file-for-mmixx/images/da0a80f1-7056-4fc5-a711-7ac84bc56dd6.jpg',62,NULL,NULL),(470,10,'cartoon-intro-13087_inst.mp3','???????','?????',NULL,10345,'https://s3.ap-northeast-2.amazonaws.com/bucket-mp3-file-for-mmixx/music/7470fa8d-d4ed-4483-8b5f-5b4d04d085b4_inst.wav','https://s3.ap-northeast-2.amazonaws.com/bucket-mp3-file-for-mmixx/images/8087b0b4-bd41-4fc8-8e00-55bc3b701705.jpg',63,NULL,NULL),(471,10,'typical-trap-loop-140bpm-129880_inst.mp3','test-Artist-Name','test-Album-Name',NULL,6897,'https://s3.ap-northeast-2.amazonaws.com/bucket-mp3-file-for-mmixx/music/32edd570-e5b5-493e-9846-61682d77f813_inst.wav','https://s3.ap-northeast-2.amazonaws.com/bucket-mp3-file-for-mmixx/images/da0a80f1-7056-4fc5-a711-7ac84bc56dd6.jpg',62,NULL,NULL),(472,10,'typical-trap-loop-140bpm-129880_inst.mp3','test-Artist-Name','test-Album-Name',NULL,6897,'https://s3.ap-northeast-2.amazonaws.com/bucket-mp3-file-for-mmixx/music/32edd570-e5b5-493e-9846-61682d77f813_inst.wav','https://s3.ap-northeast-2.amazonaws.com/bucket-mp3-file-for-mmixx/images/da0a80f1-7056-4fc5-a711-7ac84bc56dd6.jpg',62,NULL,NULL),(473,10,'cartoon-intro-13087_inst.mp3','???????','?????',NULL,10345,'https://s3.ap-northeast-2.amazonaws.com/bucket-mp3-file-for-mmixx/music/7470fa8d-d4ed-4483-8b5f-5b4d04d085b4_inst.wav','https://s3.ap-northeast-2.amazonaws.com/bucket-mp3-file-for-mmixx/images/8087b0b4-bd41-4fc8-8e00-55bc3b701705.jpg',63,NULL,NULL),(474,10,'typical-trap-loop-140bpm-129880_inst.mp3','test-Artist-Name','test-Album-Name',NULL,6897,'https://s3.ap-northeast-2.amazonaws.com/bucket-mp3-file-for-mmixx/music/32edd570-e5b5-493e-9846-61682d77f813_inst.wav','https://s3.ap-northeast-2.amazonaws.com/bucket-mp3-file-for-mmixx/images/da0a80f1-7056-4fc5-a711-7ac84bc56dd6.jpg',62,NULL,NULL),(475,10,'cartoon-intro-13087_inst.mp3','???????','?????',NULL,10345,'https://s3.ap-northeast-2.amazonaws.com/bucket-mp3-file-for-mmixx/music/7470fa8d-d4ed-4483-8b5f-5b4d04d085b4_inst.wav','https://s3.ap-northeast-2.amazonaws.com/bucket-mp3-file-for-mmixx/images/8087b0b4-bd41-4fc8-8e00-55bc3b701705.jpg',63,NULL,NULL),(476,10,'cartoon-intro-13087_inst.mp3','???????','?????',NULL,10345,'https://s3.ap-northeast-2.amazonaws.com/bucket-mp3-file-for-mmixx/music/7470fa8d-d4ed-4483-8b5f-5b4d04d085b4_inst.wav','https://s3.ap-northeast-2.amazonaws.com/bucket-mp3-file-for-mmixx/images/8087b0b4-bd41-4fc8-8e00-55bc3b701705.jpg',63,NULL,NULL),(477,6,'Zero','NewJeans','Zero',NULL,154261,'https://s3.ap-northeast-2.amazonaws.com/bucket-mp3-file-for-mmixx/music/16faea2d-d64f-4aa1-90fe-6f9f80c5344a.mp3','https://s3.ap-northeast-2.amazonaws.com/bucket-mp3-file-for-mmixx/images/ae1f76cf-4b8a-4b80-aaea-3299824dd485.jpg',NULL,NULL,NULL),(478,6,'Hype boy','NewJeans','NewJeans 1st EP \'New Jeans\'',NULL,176676,'https://s3.ap-northeast-2.amazonaws.com/bucket-mp3-file-for-mmixx/music/096505ba-7a89-4440-94bb-44e8a05800be.mp3','https://s3.ap-northeast-2.amazonaws.com/bucket-mp3-file-for-mmixx/images/97213e52-5bb3-416e-b6fe-0205fc45411a.jpg',NULL,NULL,NULL),(479,6,'꽃','지수 (JISOO)','ME',NULL,173201,'https://s3.ap-northeast-2.amazonaws.com/bucket-mp3-file-for-mmixx/music/f6aea99e-5f86-404d-b459-0ff6fa9d0558.mp3','https://s3.ap-northeast-2.amazonaws.com/bucket-mp3-file-for-mmixx/images/c599d0d5-3822-4573-89f1-d66488a9e9f2.jpg',NULL,NULL,NULL),(480,9,'휘파람_mix','BLACKPINK','SQUARE ONE',NULL,211684,'https://s3.ap-northeast-2.amazonaws.com/bucket-mp3-file-for-mmixx/music/b333e340-4bad-43bf-b979-d49391e55a0e_mix.wav','https://s3.ap-northeast-2.amazonaws.com/bucket-mp3-file-for-mmixx/images/1963ec31-8994-4049-a346-ecf372ee7bf0.jpg',NULL,127,NULL),(481,10,'Hype boy_inst','NewJeans','NewJeans 1st EP \'New Jeans\'',NULL,176676,'https://s3.ap-northeast-2.amazonaws.com/bucket-mp3-file-for-mmixx/music/3ab0c2b5-71bb-4691-b757-6c1eb2f29285_inst.wav','https://s3.ap-northeast-2.amazonaws.com/bucket-mp3-file-for-mmixx/images/baca3a62-3179-4c3b-ae02-cbf10e531951.jpg',114,NULL,NULL),(482,16,'뱃노래_mix','AKMU (악동뮤지션)','항해',NULL,138351,'https://s3.ap-northeast-2.amazonaws.com/bucket-mp3-file-for-mmixx/music/64f0a527-6f64-4381-82e7-07ee30c1cd1d_mix.wav','https://s3.ap-northeast-2.amazonaws.com/bucket-mp3-file-for-mmixx/images/e6584539-9ffe-4e50-b4ee-8364e804bc1a.jpg',NULL,317,NULL),(483,16,'어떻게 이별까지 사랑하겠어, 널 사랑하는 거지_mix','AKMU (악동뮤지션)','항해',NULL,290163,'https://s3.ap-northeast-2.amazonaws.com/bucket-mp3-file-for-mmixx/music/4b0734b6-5091-4107-91ac-c0d13332da84_mix.wav','https://s3.ap-northeast-2.amazonaws.com/bucket-mp3-file-for-mmixx/images/6de870ed-33a9-44fd-b868-110cca486ce4.jpg',NULL,319,NULL),(484,16,'뱃노래_inst','AKMU (악동뮤지션)','항해',NULL,138351,'https://s3.ap-northeast-2.amazonaws.com/bucket-mp3-file-for-mmixx/music/64f0a527-6f64-4381-82e7-07ee30c1cd1d_inst.wav','https://s3.ap-northeast-2.amazonaws.com/bucket-mp3-file-for-mmixx/images/e6584539-9ffe-4e50-b4ee-8364e804bc1a.jpg',317,NULL,NULL),(485,16,'어떻게 이별까지 사랑하겠어, 널 사랑하는 거지_inst','AKMU (악동뮤지션)','항해',NULL,290163,'https://s3.ap-northeast-2.amazonaws.com/bucket-mp3-file-for-mmixx/music/4b0734b6-5091-4107-91ac-c0d13332da84_inst.wav','https://s3.ap-northeast-2.amazonaws.com/bucket-mp3-file-for-mmixx/images/6de870ed-33a9-44fd-b868-110cca486ce4.jpg',319,NULL,NULL),(486,6,'Zero_inst','NewJeans','Zero',NULL,154261,'https://s3.ap-northeast-2.amazonaws.com/bucket-mp3-file-for-mmixx/music/16faea2d-d64f-4aa1-90fe-6f9f80c5344a_inst.wav','https://s3.ap-northeast-2.amazonaws.com/bucket-mp3-file-for-mmixx/images/ae1f76cf-4b8a-4b80-aaea-3299824dd485.jpg',477,NULL,NULL),(487,10,'typical-trap-loop-140bpm-129880_inst.mp3','test-Artist-Name','test-Album-Name',NULL,6897,'https://s3.ap-northeast-2.amazonaws.com/bucket-mp3-file-for-mmixx/music/32edd570-e5b5-493e-9846-61682d77f813_inst.wav','https://s3.ap-northeast-2.amazonaws.com/bucket-mp3-file-for-mmixx/images/da0a80f1-7056-4fc5-a711-7ac84bc56dd6.jpg',62,NULL,NULL),(488,9,'Celebrity_mix','아이유','IU 5th Album \'LILAC\'',NULL,195617,'https://s3.ap-northeast-2.amazonaws.com/bucket-mp3-file-for-mmixx/music/3a83703c-9214-41ec-9826-b89165a44fec_mix.wav','https://s3.ap-northeast-2.amazonaws.com/bucket-mp3-file-for-mmixx/images/237b1c77-efc2-423c-a07c-8c744b0127e6.jpg',NULL,196,NULL),(489,10,'cartoon-intro-13087_inst.mp3','???????','?????',NULL,10345,'https://s3.ap-northeast-2.amazonaws.com/bucket-mp3-file-for-mmixx/music/7470fa8d-d4ed-4483-8b5f-5b4d04d085b4_inst.wav','https://s3.ap-northeast-2.amazonaws.com/bucket-mp3-file-for-mmixx/images/8087b0b4-bd41-4fc8-8e00-55bc3b701705.jpg',63,NULL,NULL),(490,10,'cartoon-intro-13087_inst.mp3','???????','?????',NULL,10345,'https://s3.ap-northeast-2.amazonaws.com/bucket-mp3-file-for-mmixx/music/7470fa8d-d4ed-4483-8b5f-5b4d04d085b4_inst.wav','https://s3.ap-northeast-2.amazonaws.com/bucket-mp3-file-for-mmixx/images/8087b0b4-bd41-4fc8-8e00-55bc3b701705.jpg',63,NULL,NULL),(491,11,'NAYEON “POP!” Performance Video_inst.mp3',NULL,NULL,NULL,171601,'https://s3.ap-northeast-2.amazonaws.com/bucket-mp3-file-for-mmixx/music/48308be9-9e22-4cc4-9faa-c7b6de86fdea_inst.wav','https://s3.ap-northeast-2.amazonaws.com/bucket-mp3-file-for-mmixx/images/84dd79eb-9a65-4273-ae5e-de03461fbdf6.jpg',48,NULL,NULL),(492,11,'dark-mystery-trailer-taking-our-time-131566_inst.mp3',NULL,NULL,NULL,48039,'https://s3.ap-northeast-2.amazonaws.com/bucket-mp3-file-for-mmixx/music/3b976ba2-3f65-434a-b519-de5b59331c20_inst.wav','https://s3.ap-northeast-2.amazonaws.com/bucket-mp3-file-for-mmixx/images/f3150c73-9dca-4352-afd4-4cafae0aaaa4.jpg',49,NULL,NULL),(493,9,'Celebrity_inst','아이유','IU 5th Album \'LILAC\'',NULL,195617,'https://s3.ap-northeast-2.amazonaws.com/bucket-mp3-file-for-mmixx/music/3a83703c-9214-41ec-9826-b89165a44fec_inst.wav','https://s3.ap-northeast-2.amazonaws.com/bucket-mp3-file-for-mmixx/images/237b1c77-efc2-423c-a07c-8c744b0127e6.jpg',196,NULL,NULL),(494,6,'strawberry moon','아이유','strawberry moon',NULL,205414,'https://s3.ap-northeast-2.amazonaws.com/bucket-mp3-file-for-mmixx/music/493c7047-0e99-4900-b7b3-7013a2ff8670.mp3','https://s3.ap-northeast-2.amazonaws.com/bucket-mp3-file-for-mmixx/images/25d44698-b487-4876-99a4-457a09e021cc.jpg',NULL,NULL,NULL),(495,11,'cartoon-intro-13087_inst.mp3','???????','?????',NULL,10345,'https://s3.ap-northeast-2.amazonaws.com/bucket-mp3-file-for-mmixx/music/e226b754-e929-4e43-941c-503bc9669858_inst.wav','https://s3.ap-northeast-2.amazonaws.com/bucket-mp3-file-for-mmixx/images/69ba40ed-8989-42ef-b553-2d45ecc0c9b4.jpg',66,NULL,NULL),(496,10,'typical-trap-loop-140bpm-129880_inst.mp3','test-Artist-Name','test-Album-Name',NULL,6897,'https://s3.ap-northeast-2.amazonaws.com/bucket-mp3-file-for-mmixx/music/32edd570-e5b5-493e-9846-61682d77f813_inst.wav','https://s3.ap-northeast-2.amazonaws.com/bucket-mp3-file-for-mmixx/images/da0a80f1-7056-4fc5-a711-7ac84bc56dd6.jpg',62,NULL,NULL),(497,6,'horror-hit-logo-142395.mp3_mix','커버없음아티스트','커버없음앨범',NULL,9640,'https://s3.ap-northeast-2.amazonaws.com/bucket-mp3-file-for-mmixx/music/46362cd3-7e54-454e-93c9-80e8af07363c_mix.wav','https://s3.ap-northeast-2.amazonaws.com/bucket-mp3-file-for-mmixx/images/050f8d32-2707-4a58-822b-fe8a731745f9.jpg',NULL,5,NULL),(498,6,'Zero_mix','NewJeans','Zero',NULL,154261,'https://s3.ap-northeast-2.amazonaws.com/bucket-mp3-file-for-mmixx/music/16faea2d-d64f-4aa1-90fe-6f9f80c5344a_mix.wav','https://s3.ap-northeast-2.amazonaws.com/bucket-mp3-file-for-mmixx/images/ae1f76cf-4b8a-4b80-aaea-3299824dd485.jpg',NULL,477,NULL),(499,6,'[M_V] 10CM - 서랍 __ 그 해 우리는(Our Beloved Summer) OST Part.1.mp3_mix','Unknown','Unknown',NULL,237338,'https://s3.ap-northeast-2.amazonaws.com/bucket-mp3-file-for-mmixx/music/96de5a01-2141-451d-9672-af3ba87e4a2d_mix.wav','https://s3.ap-northeast-2.amazonaws.com/bucket-mp3-file-for-mmixx/images/6581caac-58fa-42f4-a22f-6b7e45905422.jpg',NULL,280,NULL),(500,9,'X_inst','f(x)','4 Walls - The 4th Album',NULL,203428,'https://s3.ap-northeast-2.amazonaws.com/bucket-mp3-file-for-mmixx/music/fa033d2c-b9a5-48dc-93b6-9f96178f30b1_inst.wav','https://s3.ap-northeast-2.amazonaws.com/bucket-mp3-file-for-mmixx/images/94a57355-f339-4c8d-ac7f-854c77aeebb7.jpg',6,NULL,NULL),(501,10,'typical-trap-loop-140bpm-129880_inst.mp3','test-Artist-Name','test-Album-Name',NULL,6897,'https://s3.ap-northeast-2.amazonaws.com/bucket-mp3-file-for-mmixx/music/32edd570-e5b5-493e-9846-61682d77f813_inst.wav','https://s3.ap-northeast-2.amazonaws.com/bucket-mp3-file-for-mmixx/images/da0a80f1-7056-4fc5-a711-7ac84bc56dd6.jpg',62,NULL,NULL),(502,11,'Iron Man 3','Brian Tyler','아이언맨 3 OST',NULL,143550,'https://s3.ap-northeast-2.amazonaws.com/bucket-mp3-file-for-mmixx/music/e7909164-cabf-42d0-89e5-aafc832cde3e.mp3','https://s3.ap-northeast-2.amazonaws.com/bucket-mp3-file-for-mmixx/images/cedfe7b2-ef80-454f-bb23-523051de3493.jpg',NULL,NULL,NULL),(503,11,'Bad','Christopher','Under the Surface',NULL,191567,'https://s3.ap-northeast-2.amazonaws.com/bucket-mp3-file-for-mmixx/music/0dd5ad60-b5bb-4b37-8883-f46976e0f9f1.mp3','https://s3.ap-northeast-2.amazonaws.com/bucket-mp3-file-for-mmixx/images/ccf1cee1-519e-4d37-b0e8-ef94f9cb15ae.jpg',NULL,NULL,NULL),(504,11,'Blinding Lights','The Weeknd','Blinding Lights',NULL,201599,'https://s3.ap-northeast-2.amazonaws.com/bucket-mp3-file-for-mmixx/music/a0a1371f-6a35-4dc5-ba44-0360f29d9156.mp3','https://s3.ap-northeast-2.amazonaws.com/bucket-mp3-file-for-mmixx/images/b7a540d2-13c9-4e6b-92c5-6fca7b4de095.jpg',NULL,NULL,NULL),(505,11,'Zero','NewJeans','Zero',NULL,154261,'https://s3.ap-northeast-2.amazonaws.com/bucket-mp3-file-for-mmixx/music/ec3a67ee-840d-4edb-9916-8498ced486c6.mp3','https://s3.ap-northeast-2.amazonaws.com/bucket-mp3-file-for-mmixx/images/21f37853-75f8-440a-a569-1177aee87f9e.jpg',NULL,NULL,NULL),(506,11,'Hype boy','NewJeans','NewJeans 1st EP \'New Jeans\'',NULL,176676,'https://s3.ap-northeast-2.amazonaws.com/bucket-mp3-file-for-mmixx/music/323da680-39f6-4ca1-82f7-b23fe24d542a.mp3','https://s3.ap-northeast-2.amazonaws.com/bucket-mp3-file-for-mmixx/images/53d47cac-a8f7-4a7a-8704-eea754b00fcf.jpg',NULL,NULL,NULL),(507,6,'[M_V] 10CM - 서랍 __ 그 해 우리는(Our Beloved Summer) OST Part.1.mp3_mix','Unknown','Unknown',NULL,237338,'https://s3.ap-northeast-2.amazonaws.com/bucket-mp3-file-for-mmixx/music/96de5a01-2141-451d-9672-af3ba87e4a2d_mix.wav','https://s3.ap-northeast-2.amazonaws.com/bucket-mp3-file-for-mmixx/images/6581caac-58fa-42f4-a22f-6b7e45905422.jpg',NULL,280,NULL),(508,6,'Another Day Of Sun','La La Land Cast','라라 랜드 OST',NULL,228247,'https://s3.ap-northeast-2.amazonaws.com/bucket-mp3-file-for-mmixx/music/afc36f08-04e0-4f84-aa11-41789f779e59.mp3','https://s3.ap-northeast-2.amazonaws.com/bucket-mp3-file-for-mmixx/images/15d29e43-14c8-494c-85e2-f67892cb4c8b.jpg',NULL,NULL,NULL),(509,10,'cartoon-intro-13087.mp3_mix','???????','?????',NULL,10345,'https://s3.ap-northeast-2.amazonaws.com/bucket-mp3-file-for-mmixx/music/0f098526-7794-4768-bb52-e9524ff84bd4_mix.wav','https://s3.ap-northeast-2.amazonaws.com/bucket-mp3-file-for-mmixx/images/ec5fab55-2c0a-49fc-ba03-379b62d7eb54.jpg',NULL,64,NULL),(510,6,'XOXO_mix','전소미','XOXO',NULL,207739,'https://s3.ap-northeast-2.amazonaws.com/bucket-mp3-file-for-mmixx/music/cff72e90-4c77-4247-85f2-c296e14234c1_mix.wav','https://s3.ap-northeast-2.amazonaws.com/bucket-mp3-file-for-mmixx/images/bc490376-01c5-4f2a-b883-0891ac97e600.jpg',NULL,440,NULL),(511,10,'cartoon-intro-13087.mp3_mix','???????','?????',NULL,10345,'https://s3.ap-northeast-2.amazonaws.com/bucket-mp3-file-for-mmixx/music/0f098526-7794-4768-bb52-e9524ff84bd4_mix.wav','https://s3.ap-northeast-2.amazonaws.com/bucket-mp3-file-for-mmixx/images/ec5fab55-2c0a-49fc-ba03-379b62d7eb54.jpg',NULL,64,NULL),(512,6,'XOXO_mix','전소미','XOXO',NULL,207739,'https://s3.ap-northeast-2.amazonaws.com/bucket-mp3-file-for-mmixx/music/cff72e90-4c77-4247-85f2-c296e14234c1_mix.wav','https://s3.ap-northeast-2.amazonaws.com/bucket-mp3-file-for-mmixx/images/bc490376-01c5-4f2a-b883-0891ac97e600.jpg',NULL,440,NULL),(513,10,'cartoon-intro-13087.mp3_mix','???????','?????',NULL,10345,'https://s3.ap-northeast-2.amazonaws.com/bucket-mp3-file-for-mmixx/music/7470fa8d-d4ed-4483-8b5f-5b4d04d085b4_mix.wav','https://s3.ap-northeast-2.amazonaws.com/bucket-mp3-file-for-mmixx/images/8087b0b4-bd41-4fc8-8e00-55bc3b701705.jpg',NULL,63,NULL),(514,6,'°Å¸®¿¡¼­','The Soundtrack Kings','ºäÆ¼ ÀÎ»çÀÌµå OST',NULL,41535,'https://s3.ap-northeast-2.amazonaws.com/bucket-mp3-file-for-mmixx/music/c1ac7c76-a37c-4566-9ebe-3659ad4e1bc2.mp3','https://s3.ap-northeast-2.amazonaws.com/bucket-mp3-file-for-mmixx/images/dadcfa45-72ac-478e-a16d-c29014f2e6e0.jpg',NULL,NULL,NULL),(515,6,'시작','가호 (Gaho)','이태원 클라쓰 OST Part.2',NULL,202461,'https://s3.ap-northeast-2.amazonaws.com/bucket-mp3-file-for-mmixx/music/88f770de-601c-4a67-841d-804b0a6c52af.mp3','https://s3.ap-northeast-2.amazonaws.com/bucket-mp3-file-for-mmixx/images/084ad130-f22a-4168-be0c-0831d3eb31e4.jpg',NULL,NULL,NULL),(516,6,'우리가 헤어져야 했던 이유','비비','그 해 우리는 (Original Television Soundtrack), Pt. 2 - Single',NULL,180072,'https://s3.ap-northeast-2.amazonaws.com/bucket-mp3-file-for-mmixx/music/3e6d1448-f9c9-4a0f-86e3-ec37da18514d.mp3','https://s3.ap-northeast-2.amazonaws.com/bucket-mp3-file-for-mmixx/images/bcca8004-77b2-4fff-b1aa-cd524b8fb7c6.jpg',NULL,NULL,NULL),(517,6,'¹«¸­','¾ÆÀÌÀ¯','CHAT-SHIRE',NULL,282953,'https://s3.ap-northeast-2.amazonaws.com/bucket-mp3-file-for-mmixx/music/93e152a2-e988-403d-9440-84555bc4c3e7.mp3','https://s3.ap-northeast-2.amazonaws.com/bucket-mp3-file-for-mmixx/images/30322f7c-1dcd-446f-ad5d-a07b8de20c57.jpg',NULL,NULL,NULL),(518,19,'Next Level','aespa','Next Level',NULL,221663,'https://s3.ap-northeast-2.amazonaws.com/bucket-mp3-file-for-mmixx/music/3b018f38-7004-4f28-aa59-9c694d510cdf.mp3','https://s3.ap-northeast-2.amazonaws.com/bucket-mp3-file-for-mmixx/images/20ba40c0-467c-42c3-9f49-3b1bd8077190.jpg',NULL,NULL,NULL),(519,19,'낙하 (with 아이유)','AKMU (악뮤)','NEXT EPISODE',NULL,212885,'https://s3.ap-northeast-2.amazonaws.com/bucket-mp3-file-for-mmixx/music/b63fc580-454d-49b6-9879-5a364824f714.mp3','https://s3.ap-northeast-2.amazonaws.com/bucket-mp3-file-for-mmixx/images/7eb55b13-af68-47a9-a686-66661c561f1e.jpg',NULL,NULL,NULL),(520,19,'뚜두뚜두 (DDU-DU DDU-DU)','BLACKPINK','SQUARE UP',NULL,209411,'https://s3.ap-northeast-2.amazonaws.com/bucket-mp3-file-for-mmixx/music/1dc81bce-81ee-4528-a7ad-a0506f79bd9f.mp3','https://s3.ap-northeast-2.amazonaws.com/bucket-mp3-file-for-mmixx/images/7c4e531e-afa2-46bf-949a-8fc692eceb39.jpg',NULL,NULL,NULL),(521,19,'Iron Man 3','Brian Tyler','아이언맨 3 OST',NULL,143550,'https://s3.ap-northeast-2.amazonaws.com/bucket-mp3-file-for-mmixx/music/a3af57a4-0726-4c82-8619-b7c2dc52941f.mp3','https://s3.ap-northeast-2.amazonaws.com/bucket-mp3-file-for-mmixx/images/ee6a987c-364e-4cf7-94f1-ab528565e53a.jpg',NULL,NULL,NULL),(522,19,'My Universe (Acoustic Version)','Coldplay, 방탄소년단','My Universe (Acoustic Version) (Download Ver.)',NULL,223361,'https://s3.ap-northeast-2.amazonaws.com/bucket-mp3-file-for-mmixx/music/b7404ed5-79ac-4d8a-a389-354c20e18e79.mp3','https://s3.ap-northeast-2.amazonaws.com/bucket-mp3-file-for-mmixx/images/b5668484-f24a-473a-afb6-0d4b20607c6d.jpg',NULL,NULL,NULL),(523,19,'Higher Power (Acoustic Version)','Coldplay','Higher Power (Acoustic Version)',NULL,214505,'https://s3.ap-northeast-2.amazonaws.com/bucket-mp3-file-for-mmixx/music/441ec8b1-dbc1-4564-b000-efffcad235e7.mp3','https://s3.ap-northeast-2.amazonaws.com/bucket-mp3-file-for-mmixx/images/7e22233b-0988-43c0-9912-a6d5bc5f9e5f.jpg',NULL,NULL,NULL),(524,10,'cartoon-intro-13087.mp3_mix','???????','?????',NULL,10345,'https://s3.ap-northeast-2.amazonaws.com/bucket-mp3-file-for-mmixx/music/0f098526-7794-4768-bb52-e9524ff84bd4_mix.wav','https://s3.ap-northeast-2.amazonaws.com/bucket-mp3-file-for-mmixx/images/ec5fab55-2c0a-49fc-ba03-379b62d7eb54.jpg',NULL,64,NULL),(525,19,'Something There','Dan Stevens, Emma Thompson, Emma Watson, Ewan McGregor, Gugu Mbatha-Raw, Ian McKellen, Nathan Mack','¹Ì³à¿Í ¾ß¼ö OST (Deluxe Edition)',NULL,174926,'https://s3.ap-northeast-2.amazonaws.com/bucket-mp3-file-for-mmixx/music/56b72d29-16d4-4697-b3b5-1594c9ec549b.mp3','https://s3.ap-northeast-2.amazonaws.com/bucket-mp3-file-for-mmixx/images/e9850ab4-6fbd-4003-a112-c8c903d51f3b.jpg',NULL,NULL,NULL),(526,19,'Perfect (Acoustic)','Ed Sheeran','Perfect (Acoustic)',NULL,260929,'https://s3.ap-northeast-2.amazonaws.com/bucket-mp3-file-for-mmixx/music/9a8e1efa-8142-41a6-a754-1a6be9aef1cc.mp3','https://s3.ap-northeast-2.amazonaws.com/bucket-mp3-file-for-mmixx/images/2a6bfb33-490b-4d15-9f8a-bc2adc06d2eb.jpg',NULL,NULL,NULL),(527,19,'Perfect Duet (With Beyonce)','Ed Sheeran','Perfect Duet (With Beyonce)',NULL,259597,'https://s3.ap-northeast-2.amazonaws.com/bucket-mp3-file-for-mmixx/music/86b15b96-450a-4037-909a-c47b4dc3ca38.mp3','https://s3.ap-northeast-2.amazonaws.com/bucket-mp3-file-for-mmixx/images/957e4f6c-f706-40b5-bf8b-a8764e6e79f7.jpg',NULL,NULL,NULL),(528,19,'All Mine','f(x)','All Mine',NULL,203898,'https://s3.ap-northeast-2.amazonaws.com/bucket-mp3-file-for-mmixx/music/8dfd51ae-85f0-430c-b926-5fab658de00b.mp3','https://s3.ap-northeast-2.amazonaws.com/bucket-mp3-file-for-mmixx/images/caa55738-c95b-4962-8f83-b4eb456f8640.jpg',NULL,NULL,NULL),(529,19,'Natural','Imagine Dragons','Origins (Deluxe)',NULL,189530,'https://s3.ap-northeast-2.amazonaws.com/bucket-mp3-file-for-mmixx/music/17263213-4e80-4c63-b6d8-bc7d650b60e1.mp3','https://s3.ap-northeast-2.amazonaws.com/bucket-mp3-file-for-mmixx/images/fd4b4adc-dad4-4743-b722-e768b7059709.jpg',NULL,NULL,NULL),(530,19,'Mia & Sebastian`s Theme','Justin Hurwitz','라라 랜드 OST',NULL,98118,'https://s3.ap-northeast-2.amazonaws.com/bucket-mp3-file-for-mmixx/music/5529291f-9671-4f0e-9a04-a64632b4e6e3.mp3','https://s3.ap-northeast-2.amazonaws.com/bucket-mp3-file-for-mmixx/images/d4f832de-6841-46c8-adfa-aa27bb1218e7.jpg',NULL,NULL,NULL),(531,19,'Chandelier','Sia','Chandelier (Single)',NULL,216203,'https://s3.ap-northeast-2.amazonaws.com/bucket-mp3-file-for-mmixx/music/6e029ab9-6336-4960-b488-769a618b85ce.mp3','https://s3.ap-northeast-2.amazonaws.com/bucket-mp3-file-for-mmixx/images/52f2b953-b811-49cc-8998-a245698bc2bf.jpg',NULL,NULL,NULL),(532,19,'ºäÆ¼ ÀÎ»çÀÌµå','The Soundtrack Kings','ºäÆ¼ ÀÎ»çÀÌµå OST',NULL,217118,'https://s3.ap-northeast-2.amazonaws.com/bucket-mp3-file-for-mmixx/music/9505a409-7a11-4972-adc4-98103483d726.mp3','https://s3.ap-northeast-2.amazonaws.com/bucket-mp3-file-for-mmixx/images/d2b4a474-cdb7-4ac6-906f-c0fbe82f214a.jpg',NULL,NULL,NULL),(533,19,'°¡À» ¾ÆÄ§','¾ÆÀÌÀ¯','²É°¥ÇÇ µÑ',NULL,218946,'https://s3.ap-northeast-2.amazonaws.com/bucket-mp3-file-for-mmixx/music/13c715d4-e5bb-4831-a3ef-fb8139f6f814.mp3','https://s3.ap-northeast-2.amazonaws.com/bucket-mp3-file-for-mmixx/images/102f7d25-0060-491a-87cb-ca34cde782c3.jpg',NULL,NULL,NULL),(534,6,'Celebrity','아이유','IU 5th Album \'LILAC\'',NULL,195617,'https://s3.ap-northeast-2.amazonaws.com/bucket-mp3-file-for-mmixx/music/4f3afc2c-c45e-4e34-97df-9bccd6848e0b.mp3','https://s3.ap-northeast-2.amazonaws.com/bucket-mp3-file-for-mmixx/images/c93898f7-f44a-4455-aae1-55408caeca6d.jpg',NULL,NULL,NULL),(535,19,'Yellow','Coldplay','Parachutes',NULL,269341,'https://s3.ap-northeast-2.amazonaws.com/bucket-mp3-file-for-mmixx/music/fbc01e48-ac86-4808-a652-81ff74cd2d32.mp3','https://s3.ap-northeast-2.amazonaws.com/bucket-mp3-file-for-mmixx/images/ce1d0a0d-2c73-4629-a198-7548d3cef919.jpg',NULL,NULL,NULL),(536,19,'Flu','아이유','IU 5th Album \'LILAC\'',NULL,188380,'https://s3.ap-northeast-2.amazonaws.com/bucket-mp3-file-for-mmixx/music/9a1134c9-4990-4ab6-8017-3b1951e05731.mp3','https://s3.ap-northeast-2.amazonaws.com/bucket-mp3-file-for-mmixx/images/e35c4bb8-52dd-4c84-8d9d-651096045fef.jpg',NULL,NULL,NULL),(537,19,'Çª¸£´ø','¾ÆÀÌÀ¯','CHAT-SHIRE',NULL,247161,'https://s3.ap-northeast-2.amazonaws.com/bucket-mp3-file-for-mmixx/music/3525cbc7-5288-401d-844e-9d4d9a335633.mp3','https://s3.ap-northeast-2.amazonaws.com/bucket-mp3-file-for-mmixx/images/2293739c-ee29-4e92-8b4c-6ba30a64fa25.jpg',NULL,NULL,NULL),(538,6,'Hype boy_mix','NewJeans','NewJeans 1st EP \'New Jeans\'',NULL,176676,'https://s3.ap-northeast-2.amazonaws.com/bucket-mp3-file-for-mmixx/music/096505ba-7a89-4440-94bb-44e8a05800be_mix.wav','https://s3.ap-northeast-2.amazonaws.com/bucket-mp3-file-for-mmixx/images/97213e52-5bb3-416e-b6fe-0205fc45411a.jpg',NULL,478,NULL),(539,6,'strawberry moon_inst','아이유','strawberry moon',NULL,205414,'https://s3.ap-northeast-2.amazonaws.com/bucket-mp3-file-for-mmixx/music/493c7047-0e99-4900-b7b3-7013a2ff8670_inst.wav','https://s3.ap-northeast-2.amazonaws.com/bucket-mp3-file-for-mmixx/images/25d44698-b487-4876-99a4-457a09e021cc.jpg',494,NULL,NULL),(540,6,'낙하 (with 아이유)','AKMU (악뮤)','NEXT EPISODE',NULL,212885,'https://s3.ap-northeast-2.amazonaws.com/bucket-mp3-file-for-mmixx/music/d8e0f114-aeae-4c02-aff6-092d0b400605.mp3','https://s3.ap-northeast-2.amazonaws.com/bucket-mp3-file-for-mmixx/images/aabb9a9c-549c-4481-9a78-37b14ae3e624.jpg',NULL,NULL,NULL),(541,19,'not afraid - www.hotmentos.com','eminem','Recovery',NULL,10058,'https://s3.ap-northeast-2.amazonaws.com/bucket-mp3-file-for-mmixx/music/56aa6217-c5d2-4301-8ba3-84d959e2f6d2.mp3','https://s3.ap-northeast-2.amazonaws.com/bucket-mp3-file-for-mmixx/images/2daf3060-fee8-41fc-9b0b-724459746307.jpg',NULL,NULL,NULL),(542,11,'[M_V] 10CM - 서랍 __ 그 해 우리는(Our Beloved Summer) OST Part.1_inst (1).wav','Unknown','Unknown',NULL,671135,'https://s3.ap-northeast-2.amazonaws.com/bucket-mp3-file-for-mmixx/music/60ff00ae-45cd-4b95-a361-402e4d596e9d.wav','https://s3.ap-northeast-2.amazonaws.com/bucket-mp3-file-for-mmixx/images/d7a62d12-f0b1-4285-b9a5-1d3269bcb0af.jpg',NULL,NULL,NULL),(543,11,'smoke-143172.mp3','Unknown','Unknown',NULL,118888,'https://s3.ap-northeast-2.amazonaws.com/bucket-mp3-file-for-mmixx/music/361382fb-89c3-4ba6-8ef5-62738f65ac34.mp3','https://s3.ap-northeast-2.amazonaws.com/bucket-mp3-file-for-mmixx/images/85694081-9eb5-4b70-b466-e90339d374fb.jpg',NULL,NULL,NULL),(544,11,'smoke-143172.mp3','Unknown','Unknown',NULL,118888,'https://s3.ap-northeast-2.amazonaws.com/bucket-mp3-file-for-mmixx/music/9fc2c3f4-bb6a-48d6-9071-930e72bc2edb.mp3','https://s3.ap-northeast-2.amazonaws.com/bucket-mp3-file-for-mmixx/images/3b0cb686-2d9a-4775-8c05-0bc26199cf6f.jpg',NULL,NULL,NULL);
/*!40000 ALTER TABLE `music` ENABLE KEYS */;
UNLOCK TABLES;

--
-- Table structure for table `playlist`
--

DROP TABLE IF EXISTS `playlist`;
/*!40101 SET @saved_cs_client     = @@character_set_client */;
/*!50503 SET character_set_client = utf8mb4 */;
CREATE TABLE `playlist` (
  `playlist_seq` int NOT NULL AUTO_INCREMENT,
  `is_private` bit(1) NOT NULL,
  `playlist_name` varchar(100) NOT NULL,
  `user_seq` int NOT NULL,
  PRIMARY KEY (`playlist_seq`),
  KEY `FKa32oi5333ekgdv7032yap6im1` (`user_seq`),
  CONSTRAINT `FKa32oi5333ekgdv7032yap6im1` FOREIGN KEY (`user_seq`) REFERENCES `user` (`user_seq`)
) ENGINE=InnoDB AUTO_INCREMENT=127 DEFAULT CHARSET=utf8mb4 COLLATE=utf8mb4_0900_ai_ci;
/*!40101 SET character_set_client = @saved_cs_client */;

--
-- Dumping data for table `playlist`
--

LOCK TABLES `playlist` WRITE;
/*!40000 ALTER TABLE `playlist` DISABLE KEYS */;
INSERT INTO `playlist` VALUES (60,_binary '\0','케이팝 플레이리스트1',10),(68,_binary '','블랙핑크',9),(73,_binary '\0','제목 왜 안와...',10),(77,_binary '','#플레이리스트 제목',14),(81,_binary '','뷰티 인사이드',9),(83,_binary '\0','아이유',9),(84,_binary '\0','신나는 곡',9),(85,_binary '\0','기타',9),(87,_binary '','플레이리스트 제목ㅈㅔ목',10),(88,_binary '\0','신나는 곡',16),(89,_binary '\0','OST 모음',9),(90,_binary '\0','도깨비 OST',9),(91,_binary '\0','정승환',9),(92,_binary '\0','권진아',16),(93,_binary '\0','XOXO',16),(94,_binary '\0','BAD LOVE - The 1st Mini Album',16),(95,_binary '\0','Butter',16),(96,_binary '\0','싹쓰리',16),(97,_binary '\0','사이먼 도미닉',16),(98,_binary '\0','인기',16),(110,_binary '\0','개발할 때 듣는 노래',16),(111,_binary '','비공개?',16),(112,_binary '\0','뽕짝',9),(115,_binary '','테스트좀',10),(121,_binary '\0','로제',9),(125,_binary '\0','나만의 플레이리스트!',19),(126,_binary '\0','뉴진스',6);
/*!40000 ALTER TABLE `playlist` ENABLE KEYS */;
UNLOCK TABLES;

--
-- Table structure for table `playlist_music`
--

DROP TABLE IF EXISTS `playlist_music`;
/*!40101 SET @saved_cs_client     = @@character_set_client */;
/*!50503 SET character_set_client = utf8mb4 */;
CREATE TABLE `playlist_music` (
  `playlist_music_seq` int NOT NULL AUTO_INCREMENT,
  `music_seq` int NOT NULL,
  `sequence` int NOT NULL,
  `playlist_seq` int NOT NULL,
  PRIMARY KEY (`playlist_music_seq`),
  KEY `FK9kcxqutg430glureug94518yk` (`playlist_seq`),
  KEY `FKlh8x6wh3j2nyuip6hl04vny1k` (`music_seq`),
  CONSTRAINT `FK9kcxqutg430glureug94518yk` FOREIGN KEY (`playlist_seq`) REFERENCES `playlist` (`playlist_seq`) ON DELETE CASCADE,
  CONSTRAINT `FKlh8x6wh3j2nyuip6hl04vny1k` FOREIGN KEY (`music_seq`) REFERENCES `music` (`music_seq`) ON DELETE CASCADE
) ENGINE=InnoDB AUTO_INCREMENT=363 DEFAULT CHARSET=utf8mb4 COLLATE=utf8mb4_0900_ai_ci;
/*!40101 SET character_set_client = @saved_cs_client */;

--
-- Dumping data for table `playlist_music`
--

LOCK TABLES `playlist_music` WRITE;
/*!40000 ALTER TABLE `playlist_music` DISABLE KEYS */;
INSERT INTO `playlist_music` VALUES (102,109,109,60),(103,110,110,60),(104,114,114,60),(118,127,127,68),(119,129,129,68),(130,110,110,73),(131,114,114,73),(132,115,115,73),(133,260,260,73),(134,262,262,73),(135,278,278,73),(144,173,302,68),(157,213,213,81),(158,214,214,81),(159,215,215,81),(160,216,216,81),(161,217,217,81),(162,218,218,81),(163,219,219,81),(164,220,220,81),(165,221,221,81),(166,222,222,81),(167,223,223,81),(168,224,224,81),(169,225,225,81),(179,196,196,83),(180,203,203,83),(181,244,244,83),(182,246,246,83),(183,261,261,83),(184,120,120,83),(185,124,124,83),(186,191,191,83),(187,190,190,84),(188,194,194,84),(189,195,195,84),(190,198,198,84),(191,212,212,84),(192,226,226,84),(193,229,229,84),(194,228,228,84),(195,230,230,84),(196,231,231,84),(197,235,235,84),(198,8,243,84),(199,315,315,85),(200,233,548,85),(201,232,547,85),(204,278,278,87),(205,110,110,87),(206,114,114,87),(207,115,115,87),(208,260,260,87),(209,332,332,88),(210,331,663,88),(211,329,661,88),(212,319,651,88),(213,335,667,88),(214,205,205,89),(215,209,209,89),(216,210,210,89),(217,189,189,89),(218,192,192,89),(219,203,203,89),(220,212,212,89),(221,213,213,89),(222,214,214,89),(223,215,215,89),(224,216,216,89),(225,217,217,89),(226,218,218,89),(227,219,219,89),(228,220,220,89),(229,221,221,89),(230,222,222,89),(231,223,223,89),(232,224,224,89),(233,225,225,89),(234,235,235,89),(235,349,349,90),(236,350,350,90),(237,351,351,90),(238,352,352,90),(239,353,353,90),(240,354,354,90),(241,355,355,91),(242,356,356,91),(243,357,357,91),(244,358,358,91),(245,375,375,92),(246,374,374,92),(247,373,373,92),(248,372,372,92),(249,371,371,92),(250,368,368,93),(251,367,367,93),(252,365,365,93),(253,366,366,93),(254,382,382,94),(255,381,381,94),(256,380,380,94),(257,379,379,94),(258,378,378,94),(259,377,377,94),(260,392,392,95),(261,391,391,95),(262,390,390,95),(263,389,389,95),(264,388,388,95),(265,406,406,96),(266,405,405,96),(267,399,399,96),(268,396,396,96),(269,397,397,96),(270,398,398,96),(271,409,815,96),(272,403,403,97),(273,402,402,97),(274,401,401,97),(275,400,400,97),(276,407,407,98),(277,408,408,98),(278,393,393,98),(279,394,394,98),(280,395,395,98),(281,173,416,84),(282,131,374,84),(283,423,971,85),(284,422,970,85),(285,421,969,85),(286,420,968,85),(287,419,967,85),(288,418,966,85),(289,417,965,85),(290,416,964,85),(313,319,319,110),(314,328,328,110),(315,331,331,111),(316,335,335,111),(317,334,334,111),(318,336,336,111),(319,372,372,111),(320,6,6,112),(321,7,7,112),(322,7,7,112),(323,6,6,112),(324,96,96,112),(325,7,7,112),(326,6,6,112),(336,62,62,115),(337,63,63,115),(338,65,65,115),(339,65,65,115),(346,194,194,121),(347,195,195,121),(356,519,519,125),(357,520,520,125),(358,522,522,125),(359,525,525,125),(360,526,526,125),(361,477,477,126),(362,478,478,126);
/*!40000 ALTER TABLE `playlist_music` ENABLE KEYS */;
UNLOCK TABLES;

--
-- Table structure for table `preset`
--

DROP TABLE IF EXISTS `preset`;
/*!40101 SET @saved_cs_client     = @@character_set_client */;
/*!50503 SET character_set_client = utf8mb4 */;
CREATE TABLE `preset` (
  `preset_seq` int NOT NULL AUTO_INCREMENT,
  `preset_name` varchar(100) NOT NULL COMMENT '분위기 이름',
  `music_name` varchar(100) DEFAULT NULL,
  `music_length` int DEFAULT NULL COMMENT '단위 : ms',
  `musician_name` varchar(100) DEFAULT NULL,
  `album_name` varchar(100) DEFAULT NULL,
  `preset_url` varchar(500) NOT NULL,
  `cover_image` varchar(500) NOT NULL,
  PRIMARY KEY (`preset_seq`)
) ENGINE=InnoDB AUTO_INCREMENT=9 DEFAULT CHARSET=utf8mb4 COLLATE=utf8mb4_0900_ai_ci;
/*!40101 SET character_set_client = @saved_cs_client */;

--
-- Dumping data for table `preset`
--

LOCK TABLES `preset` WRITE;
/*!40000 ALTER TABLE `preset` DISABLE KEYS */;
INSERT INTO `preset` VALUES (1,'부드러운 분위기','hello.mp3',300,NULL,NULL,'music/5771f0b4-0326-4041-ac57-d86cb8353272.mp3','cover_image'),(2,'편안한 분위기','raindrops.wav',442862,'Unknown','Unknown','https://s3.ap-northeast-2.amazonaws.com/bucket-mp3-file-for-mmixx/music/4efeaba5-e758-4015-8bc1-1e4ed502f9b1.wav','https://s3.ap-northeast-2.amazonaws.com/bucket-mp3-file-for-mmixx/images/8b5fb8a8-ec09-40d5-8aff-a5b6ad30791e.jpg'),(3,'밝은 분위기','pop.wav',404836,'Unknown','Unknown','https://s3.ap-northeast-2.amazonaws.com/bucket-mp3-file-for-mmixx/music/c0a34dff-ec72-4be3-804a-d9bc037da373.wav','https://s3.ap-northeast-2.amazonaws.com/bucket-mp3-file-for-mmixx/images/c6d2f1de-bad7-4517-b52c-84536c1060b9.jpg'),(4,'강렬한 분위기','bass_2.mp3',287629,'Unknown','Unknown','https://s3.ap-northeast-2.amazonaws.com/bucket-mp3-file-for-mmixx/music/203c4359-944b-4820-b3a5-33d708ea1e7e.mp3','https://s3.ap-northeast-2.amazonaws.com/bucket-mp3-file-for-mmixx/images/3724be88-ec26-4944-b215-87312c7af6f7.jpg'),(5,'신나는 분위기','DNA',223179,'방탄소년단','LOVE YOURSELF 承 `Her`','https://s3.ap-northeast-2.amazonaws.com/bucket-mp3-file-for-mmixx/music/239b93b6-5d68-4d2f-92e1-e1e4390e6dc9.mp3','https://s3.ap-northeast-2.amazonaws.com/bucket-mp3-file-for-mmixx/images/ffa46eba-2ec1-437d-ae49-674e19e2ef2e.jpg'),(6,'웅장한 분위기','Iron Man 3',143550,'Brian Tyler','아이언맨 3 OST','https://s3.ap-northeast-2.amazonaws.com/bucket-mp3-file-for-mmixx/music/7926ce00-3f1c-445b-a70f-d20485fdfd98.mp3','https://s3.ap-northeast-2.amazonaws.com/bucket-mp3-file-for-mmixx/images/7c64870d-4f8a-4b8b-a29a-862b59ee60bd.jpg');
/*!40000 ALTER TABLE `preset` ENABLE KEYS */;
UNLOCK TABLES;

--
-- Table structure for table `user`
--

DROP TABLE IF EXISTS `user`;
/*!40101 SET @saved_cs_client     = @@character_set_client */;
/*!50503 SET character_set_client = utf8mb4 */;
CREATE TABLE `user` (
  `user_seq` int NOT NULL AUTO_INCREMENT,
  `email` varchar(100) CHARACTER SET utf8mb4 COLLATE utf8mb4_0900_ai_ci NOT NULL,
  `user_name` varchar(100) CHARACTER SET utf8mb4 COLLATE utf8mb4_0900_ai_ci NOT NULL,
  `role` varchar(100) CHARACTER SET utf8mb4 COLLATE utf8mb4_0900_ai_ci NOT NULL,
  `profile_image_url` varchar(500) NOT NULL,
  `token` varchar(1000) DEFAULT NULL,
  PRIMARY KEY (`user_seq`)
) ENGINE=InnoDB AUTO_INCREMENT=22 DEFAULT CHARSET=utf8mb4 COLLATE=utf8mb4_0900_ai_ci;
/*!40101 SET character_set_client = @saved_cs_client */;

--
-- Dumping data for table `user`
--

LOCK TABLES `user` WRITE;
/*!40000 ALTER TABLE `user` DISABLE KEYS */;
INSERT INTO `user` VALUES (5,'akfalwkf11@gmail.com','이땡','USER','https://lh3.googleusercontent.com/a/AGNmyxaheWGEwbn8754bL90Xo8Ja8NmHpxtKWJGcz_IkQQ=s96-c','eyJhbGciOiJIUzI1NiIsInR5cCI6IkpXVCJ9.eyJqdGkiOiI1IiwiaWQiOjUsIm5hbWUiOiLsnbTrlaEiLCJpbWciOiJodHRwczovL2xoMy5nb29nbGV1c2VyY29udGVudC5jb20vYS9BR05teXhhaGVXR0V3Ym44NzU0Ykw5MFhvOEphOE5tSHB4dEtXSkdjel9Ja1FRPXM5Ni1jIiwiYXV0aCI6IlJPTEVfVVNFUiIsInBseUNudCI6MCwidXBDbnQiOjAsIm1peENudCI6MCwiaWF0IjoxNjgwNjU5NTcyLCJleHAiOjE2ODA3NDU5NzIsInN1YiI6InJlZnJlc2gtdG9rZW4ifQ.L_CuhMhq6Kx7kI2Kt1RAqy-Q6ALW1HM8cjRqRdzWKVI'),(6,'akfalwkf1@gmail.com','민정','USER','https://lh3.googleusercontent.com/a/AGNmyxZlOoujKh8c0P3O7pnSqQ8qB1Re0UyzIk_eHGL1uA=s96-c','eyJhbGciOiJIUzI1NiIsInR5cCI6IkpXVCJ9.eyJqdGkiOiI2IiwiaWQiOjYsIm5hbWUiOiLrr7zsoJUiLCJpbWciOiJodHRwczovL2xoMy5nb29nbGV1c2VyY29udGVudC5jb20vYS9BR05teXhabE9vdWpLaDhjMFAzTzdwblNxUThxQjFSZTBVeXpJa19lSEdMMXVBPXM5Ni1jIiwiYXV0aCI6IlJPTEVfVVNFUiIsInBseUNudCI6MCwidXBDbnQiOjAsIm1peENudCI6MCwiaWF0IjoxNjgwNzY1NDU5LCJleHAiOjE2ODA4NTE4NTksInN1YiI6InJlZnJlc2gtdG9rZW4ifQ.cKvxYh06BxaikSdeDl90uPF4RJ4L8XqPe9miiw_ZHlY'),(9,'ssafymmixx@gmail.com','김싸피','USER','https://lh3.googleusercontent.com/a/AGNmyxYpKa8DFs_ceT4D4edsojIRXE4lbdNsMfdQvbVh=s96-c','eyJhbGciOiJIUzI1NiIsInR5cCI6IkpXVCJ9.eyJqdGkiOiI5IiwiaWQiOjksIm5hbWUiOiLquYDsi7jtlLwiLCJpbWciOiJodHRwczovL2xoMy5nb29nbGV1c2VyY29udGVudC5jb20vYS9BR05teXhZcEthOERGc19jZVQ0RDRlZHNvaklSWEU0bGJkTnNNZmRRdmJWaD1zOTYtYyIsImF1dGgiOiJST0xFX1VTRVIiLCJwbHlDbnQiOjAsInVwQ250IjowLCJtaXhDbnQiOjAsImlhdCI6MTY4MDc5MjQwMywiZXhwIjoxNjgwODc4ODAzLCJzdWIiOiJyZWZyZXNoLXRva2VuIn0.1bWoTQ6st0uBqOJcvw-9V20S3I6ZwQSGBlGK9E6NNk4'),(10,'dook4966@gmail.com','김수형','USER','https://lh3.googleusercontent.com/a/AGNmyxZg8oXAU8IhTFZBrnRtSxyoiDcJwPlLDb-f-l8fGw=s96-c','eyJhbGciOiJIUzI1NiIsInR5cCI6IkpXVCJ9.eyJqdGkiOiIxMCIsImlkIjoxMCwibmFtZSI6Iuq5gOyImO2YlSIsImltZyI6Imh0dHBzOi8vbGgzLmdvb2dsZXVzZXJjb250ZW50LmNvbS9hL0FHTm15eFpnOG9YQVU4SWhURlpCcm5SdFN4eW9pRGNKd1BsTERiLWYtbDhmR3c9czk2LWMiLCJhdXRoIjoiUk9MRV9VU0VSIiwicGx5Q250IjowLCJ1cENudCI6MCwibWl4Q250IjowLCJpYXQiOjE2ODA3NTE2NzYsImV4cCI6MTY4MDgzODA3Niwic3ViIjoicmVmcmVzaC10b2tlbiJ9.k4sohYuySJR-YochBc8K3EH7nqk0yAdr5aM8gLnv96U'),(11,'jiyeon75013@gmail.com','이지연','USER','https://lh3.googleusercontent.com/a/AGNmyxYHYnjVaRsgBNnbjz7O_MN-eHiISVkoOlALlsEa=s96-c','eyJhbGciOiJIUzI1NiIsInR5cCI6IkpXVCJ9.eyJqdGkiOiIxMSIsImlkIjoxMSwibmFtZSI6IuydtOyngOyXsCIsImltZyI6Imh0dHBzOi8vbGgzLmdvb2dsZXVzZXJjb250ZW50LmNvbS9hL0FHTm15eFlIWW5qVmFSc2dCTm5iano3T19NTi1lSGlJU1Zrb09sQUxsc0VhPXM5Ni1jIiwiYXV0aCI6IlJPTEVfVVNFUiIsInBseUNudCI6MCwidXBDbnQiOjAsIm1peENudCI6MCwiaWF0IjoxNjgwNjg0MDQ2LCJleHAiOjE2ODA3NzA0NDYsInN1YiI6InJlZnJlc2gtdG9rZW4ifQ.1E5ODnqJzhvrGphLu_UifLzyrJz2TQDO-QwwdzEFjf8'),(12,'tjddms7973@gmail.com','김성은','USER','https://lh3.googleusercontent.com/a/AGNmyxa-O3A4EuxlQjsptcKdmnuw3p9peCeIeNaVPas0=s96-c','eyJhbGciOiJIUzI1NiIsInR5cCI6IkpXVCJ9.eyJqdGkiOiIxMiIsImlkIjoxMiwibmFtZSI6Iuq5gOyEseydgCIsImltZyI6Imh0dHBzOi8vbGgzLmdvb2dsZXVzZXJjb250ZW50LmNvbS9hL0FHTm15eGEtTzNBNEV1eGxRanNwdGNLZG1udXczcDlwZUNlSWVOYVZQYXMwPXM5Ni1jIiwiYXV0aCI6IlJPTEVfVVNFUiIsInBseUNudCI6MCwidXBDbnQiOjAsIm1peENudCI6MCwiaWF0IjoxNjgwMzM4Njg1LCJleHAiOjE2ODA0MjUwODUsInN1YiI6InJlZnJlc2gtdG9rZW4ifQ.d5Mu42TKsXvT2ErnRPJW8FS0e3JU9i302x7U-aS7PWg'),(13,'thomazkwon@gmail.com','thomazkwon','USER','https://lh3.googleusercontent.com/a/AGNmyxae_z-LOPDOGrtcv5eo8yF63lLU4jO-O3frMLLB=s96-c','eyJhbGciOiJIUzI1NiIsInR5cCI6IkpXVCJ9.eyJqdGkiOiIxMyIsImlkIjoxMywibmFtZSI6InRob21hemt3b24iLCJpbWciOiJodHRwczovL2xoMy5nb29nbGV1c2VyY29udGVudC5jb20vYS9BR05teXhhZV96LUxPUERPR3J0Y3Y1ZW84eUY2M2xMVTRqTy1PM2ZyTUxMQj1zOTYtYyIsImF1dGgiOiJST0xFX1VTRVIiLCJwbHlDbnQiOjAsInVwQ250IjowLCJtaXhDbnQiOjAsImlhdCI6MTY4MDUwMDY3NCwiZXhwIjoxNjgwNTg3MDc0LCJzdWIiOiJyZWZyZXNoLXRva2VuIn0.yXxztn_StGukhNwAgph5JWKWcItjDdSyPOP5iJ_W4qY'),(14,'yung5487@gmail.com','지용현','USER','https://lh3.googleusercontent.com/a/AGNmyxYCV8LGgP-x6g8DrcY2pzW2Nvyh54xx2tE8xOS_=s96-c','eyJhbGciOiJIUzI1NiIsInR5cCI6IkpXVCJ9.eyJqdGkiOiIxNCIsImlkIjoxNCwibmFtZSI6IuyngOyaqe2YhCIsImltZyI6Imh0dHBzOi8vbGgzLmdvb2dsZXVzZXJjb250ZW50LmNvbS9hL0FHTm15eFlDVjhMR2dQLXg2ZzhEcmNZMnB6VzJOdnloNTR4eDJ0RTh4T1NfPXM5Ni1jIiwiYXV0aCI6IlJPTEVfVVNFUiIsInBseUNudCI6MCwidXBDbnQiOjAsIm1peENudCI6MCwiaWF0IjoxNjgwNjY3MTM0LCJleHAiOjE2ODA3NTM1MzQsInN1YiI6InJlZnJlc2gtdG9rZW4ifQ.v-oiMUSv8idhRSx_gR9sjwdUDqrxxx6jS9dv2mULcLc'),(15,'erican613@gmail.com','X4-845','USER','https://lh3.googleusercontent.com/a/AGNmyxaGnt0U2TtqY81JdhL8a-jnSR-VFepu-Q4lcErL6w=s96-c','eyJhbGciOiJIUzI1NiIsInR5cCI6IkpXVCJ9.eyJqdGkiOiIxNSIsImlkIjoxNSwibmFtZSI6Ilg0LTg0NSIsImltZyI6Imh0dHBzOi8vbGgzLmdvb2dsZXVzZXJjb250ZW50LmNvbS9hL0FHTm15eGFHbnQwVTJUdHFZODFKZGhMOGEtam5TUi1WRmVwdS1RNGxjRXJMNnc9czk2LWMiLCJhdXRoIjoiUk9MRV9VU0VSIiwicGx5Q250IjowLCJ1cENudCI6MCwibWl4Q250IjowLCJpYXQiOjE2ODA2NjkwOTEsImV4cCI6MTY4MDc1NTQ5MSwic3ViIjoicmVmcmVzaC10b2tlbiJ9.Ypc7STq9egFjAxzxWVQu6E4QWRIy18Qg8gff9KSCHt4'),(16,'ssafymmixx1@gmail.com','최싸피','USER','https://lh3.googleusercontent.com/a/AGNmyxaPK_2v3Dl-C8VuRaiykCl_X7D0l4vKwebqBjBa=s96-c','eyJhbGciOiJIUzI1NiIsInR5cCI6IkpXVCJ9.eyJqdGkiOiIxNiIsImlkIjoxNiwibmFtZSI6Iuy1nOyLuO2UvCIsImltZyI6Imh0dHBzOi8vbGgzLmdvb2dsZXVzZXJjb250ZW50LmNvbS9hL0FHTm15eGFQS18ydjNEbC1DOFZ1UmFpeWtDbF9YN0QwbDR2S3dlYnFCakJhPXM5Ni1jIiwiYXV0aCI6IlJPTEVfVVNFUiIsInBseUNudCI6MCwidXBDbnQiOjAsIm1peENudCI6MCwiaWF0IjoxNjgwNzYyNTcyLCJleHAiOjE2ODA4NDg5NzIsInN1YiI6InJlZnJlc2gtdG9rZW4ifQ.-QSqZThm0egK6tR3qJ3b6iFWw3UtzqkmuxPPQOUD42E'),(19,'wn7257@gmail.com','Giju Ahn','USER','https://lh3.googleusercontent.com/a/AGNmyxYYbb00Fssi_shRlTOerw-LnvIefPlIKKxwSBc=s96-c','eyJhbGciOiJIUzI1NiIsInR5cCI6IkpXVCJ9.eyJqdGkiOiIxOSIsImlkIjoxOSwibmFtZSI6IkdpanUgQWhuIiwiaW1nIjoiaHR0cHM6Ly9saDMuZ29vZ2xldXNlcmNvbnRlbnQuY29tL2EvQUdObXl4WVliYjAwRnNzaV9zaFJsVE9lcnctTG52SWVmUGxJS0t4d1NCYz1zOTYtYyIsImF1dGgiOiJST0xFX1VTRVIiLCJwbHlDbnQiOjAsInVwQ250IjowLCJtaXhDbnQiOjAsImlhdCI6MTY4MDgwMzc5NSwiZXhwIjoxNjgwODkwMTk1LCJzdWIiOiJyZWZyZXNoLXRva2VuIn0.akDopvfWaJYe7ziLUt-VHxrAG_dvJde2LA6vA9WWO0U'),(20,'test202110071402@gmail.com','Hs S','USER','https://lh3.googleusercontent.com/a/AGNmyxbvEv6FE3NnKfWsBAbYJqUAINS6vwhSwzZ0Ohey=s96-c','eyJhbGciOiJIUzI1NiIsInR5cCI6IkpXVCJ9.eyJqdGkiOiIyMCIsImlkIjoyMCwibmFtZSI6IkhzIFMiLCJpbWciOiJodHRwczovL2xoMy5nb29nbGV1c2VyY29udGVudC5jb20vYS9BR05teXhidkV2NkZFM05uS2ZXc0JBYllKcVVBSU5TNnZ3aFN3elowT2hleT1zOTYtYyIsImF1dGgiOiJST0xFX1VTRVIiLCJwbHlDbnQiOjAsInVwQ250IjowLCJtaXhDbnQiOjAsImlhdCI6MTY4MDc2NzUwOSwiZXhwIjoxNjgwODUzOTA5LCJzdWIiOiJyZWZyZXNoLXRva2VuIn0.QbtzIEt8Zl7tZlnhcP2Iz1epxbzt4M_oCKPkLBvG_qc'),(21,'whgusehd96@gmail.com','조현동','USER','https://lh3.googleusercontent.com/a/AGNmyxbgXsq-b_iIfOv_o-IbWjv549QwntjNtdG0_lNB=s96-c','eyJhbGciOiJIUzI1NiIsInR5cCI6IkpXVCJ9.eyJqdGkiOiIyMSIsImlkIjoyMSwibmFtZSI6IuyhsO2YhOuPmSIsImltZyI6Imh0dHBzOi8vbGgzLmdvb2dsZXVzZXJjb250ZW50LmNvbS9hL0FHTm15eGJnWHNxLWJfaUlmT3Zfby1JYldqdjU0OVF3bnRqTnRkRzBfbE5CPXM5Ni1jIiwiYXV0aCI6IlJPTEVfVVNFUiIsInBseUNudCI6MCwidXBDbnQiOjAsIm1peENudCI6MCwiaWF0IjoxNjgwNzgxODYxLCJleHAiOjE2ODA4NjgyNjEsInN1YiI6InJlZnJlc2gtdG9rZW4ifQ.NdqVJB8n844XkM_69lLwdYXQ-Dz7sv5lXmGbnZkv8eE');
/*!40000 ALTER TABLE `user` ENABLE KEYS */;
UNLOCK TABLES;
/*!40103 SET TIME_ZONE=@OLD_TIME_ZONE */;

/*!40101 SET SQL_MODE=@OLD_SQL_MODE */;
/*!40014 SET FOREIGN_KEY_CHECKS=@OLD_FOREIGN_KEY_CHECKS */;
/*!40014 SET UNIQUE_CHECKS=@OLD_UNIQUE_CHECKS */;
/*!40101 SET CHARACTER_SET_CLIENT=@OLD_CHARACTER_SET_CLIENT */;
/*!40101 SET CHARACTER_SET_RESULTS=@OLD_CHARACTER_SET_RESULTS */;
/*!40101 SET COLLATION_CONNECTION=@OLD_COLLATION_CONNECTION */;
/*!40111 SET SQL_NOTES=@OLD_SQL_NOTES */;

-- Dump completed on 2023-04-07  9:10:30
